packet,pid,n_audits,AQI,substance,human_voice,readiness,edit_min,slop_edits,math_edits,n_edits,quick_k-1,AQI_k-1,quick_grades-2-3,AQI_grades-2-3,quick_grades-4-5,AQI_grades-4-5,pages,words,tells_per_100w
B3-B-r1,PP367,2,4.667,4.694,5,4.17,13.5,0.5,0.5,7.5,47.5,4.5,55,4.62,67.5,4.88,16,1494,0.4
C1-B-r2,PIVBP,2,4.667,4.722,5,4,12,1.5,0,6,47.5,4.5,52.5,4.88,77.5,4.62,15,1453,0.48
B1-B-r2,PC5UA,2,4.646,4.694,5,4,17,2.5,0.5,10,47.5,4.56,55,4.88,80,4.5,18,1497,0.47
B1-A-r1,P3M6K,2,4.604,4.639,5,4,12.5,0.5,0,7.5,45,4.62,51,4.75,65,4.44,22,1181,0.17
A3-A-r2,P81EJ,2,4.583,4.611,5,4,21.5,1.5,0,11.5,40.5,4.44,50,4.75,62.5,4.56,22,1173,0.09
B1-B-r1,P13A5,2,4.562,4.667,4.5,4,27,2,0.5,13,45,4.62,50,4.5,67.5,4.56,17,1442,0.21
C1-A-r1,P67N2,2,4.562,4.583,5,4,15.5,0.5,0,9.5,42.5,4.44,46,4.75,57.5,4.5,21,1186,0.25
C1-A-r2,P4LM8,2,4.562,4.611,4.83,4,34,2,0,13,42.5,4.56,52.5,4.62,62.5,4.5,24,1219,0.08
B3-A-r1,PPH9C,2,4.542,4.583,4.83,4,18,1,0,10,42.5,4.44,47.5,4.75,70,4.44,21,1109,0.27
B2-A-r1,PXCKL,2,4.521,4.556,4.83,4,20.5,0.5,0,11.5,45,4.44,47.5,4.69,62.5,4.44,21,1175,0.26
B2-B-r1,PDXXB,2,4.521,4.528,5,4,23.5,2,0,10.5,45,4.31,42.5,4.62,57.5,4.62,16,1413,0.42
A3-B-r2,P0HBV,2,4.521,4.583,4.67,4,21.5,3.5,0,12.5,50,4.56,45,4.69,75,4.31,15,1427,0.49
B4-B-r1,P1OAZ,2,4.5,4.639,4.17,4,21.5,3,0,12.5,47.5,4.38,57.5,4.44,75,4.69,16,1440,0.42
B5-B-r1,PWJ9R,2,4.479,4.528,4.67,4,23,4.5,0,12.5,40,4.25,55,4.44,70,4.75,19,1315,0.46
A2-B-r1,PVTU9,2,4.458,4.472,4.83,4,22.5,2,1,9,35,4.38,47.5,4.56,60,4.44,20,1332,0.3
C1-B-r1,PCFZV,2,4.438,4.528,4.33,4,25,3.5,0,11.5,47.5,4.38,52.5,4.44,67.5,4.5,16,1503,0.4
A3-A-r1,PSPU7,2,4.417,4.417,5,3.83,35,0,1,12,42.5,4.38,47.5,4.56,65,4.31,20,1146,0.26
B1-A-r2,P0MD3,2,4.396,4.472,4.33,4,22,4.5,0,12,42.5,4.44,50,4.38,72.5,4.38,25,1229,0.08
B4-A-r1,P7CUX,2,4.375,4.361,4.83,4,32.5,1,0,14,41.5,4.31,47.5,4.5,62.5,4.31,20,1146,0.26
A1-A-r1,PHEZF,2,4.354,4.472,4.5,3.5,66,3.5,1,21.5,40,4.19,45,4.38,57.5,4.5,21,1091,0.0
A1-B-r1,POJJA,2,4.312,4.389,4.5,3.67,52,3,0.5,20,45,4.44,50,4.5,80,4.0,16,1309,0.08
A3-B-r1,PEFGI,2,4.312,4.389,4.17,4,31,5.5,0,18,46,4.19,49,4.31,72.5,4.44,16,1410,0.43
B5-A-r1,P40NB,2,4.312,4.361,4.33,4,35,2.5,1,15,37.5,4.25,50,4.44,60,4.25,30,1372,0.44
A2-A-r1,P5754,2,4.229,4.306,4.33,3.67,71.5,2.5,0,19,30,4.12,38,4.31,62.5,4.25,16,1100,0.09
A0-B-r1,PBNXG,2,3.646,4.0,2.33,2.83,168.5,25.5,2,65,30,3.25,47.5,3.75,60,3.94,15,2248,4.49
A0-A-r1,PGQUG,2,3.604,3.972,2.33,2.67,163.5,15.5,0.5,63,30,3.06,40.5,3.81,55,3.94,15,1639,2.01
GOLD-A,PHQNO,2,3.396,3.528,3.5,2.5,181,8.5,3.5,38,19,2.62,35,3.62,41.5,3.94,13,1007,0.0
VAR-SLOP-A,PW4N4,2,3.25,3.556,2.0,2.67,188.5,15,2,42,16.5,2.56,31.5,3.38,42,3.81,14,1137,2.02
ASTRA-B,PELGQ,2,3.104,3.278,3,2.17,233.5,8.5,1,43,19,2.75,27.5,3.12,37.5,3.44,10,1199,0.08
VAR-THIN-A,P2A38,2,2.896,2.917,3.5,2.17,206.5,4.5,2.5,25.5,5.5,1.88,17.5,3.06,28,3.75,7,495,0.0
ASTRA-A,PG3L3,2,1.875,2.139,1,1.17,311.5,37,3.5,70.5,10,1.62,15,1.88,15,2.12,8,944,3.71
