relative_path	purpose	bytes	sha256
external-resources/Imbalance Problems.pdf	Optional downloaded mathematics reference input	19174311	1f16837a4d8f1011be2c83e0a37c33c04e0cbf596166a5982acaa1afdf9efae3
external-resources/Smullyan-What-is-the-Name-of-This-Book.pdf	Optional downloaded mathematics reference input	7252327	b85c3334663b5577ef7021e81c30376041dbe48524c05e8632a3aaaeb77287c4
external-resources/axler-linear-algebra-done-right-4e.pdf	Optional downloaded mathematics reference input	2795156	1207d90a1310e79dea2ec3068f853e20b8306928eda122ae13fdfab50f41ea08
external-resources/beast-academy/Beast Academy  math guide. 4B.pdf	Optional downloaded mathematics reference input	19903562	a21c035e619358a1532bf67943764b0c41ef62eed93bbceae780e5b29dab6369
external-resources/beast-academy/Beast Academy. Math guide. 3D.pdf	Optional downloaded mathematics reference input	19843488	508a1541c8f3b51086503a64457849c304abe26900be8a813fd31600f1e49f86
external-resources/beast-academy/Beast Academy. Math practice 4.pdf	Optional downloaded mathematics reference input	12962535	3997e032eaacc703341977304e4a195c85b50c2bee92708f094681240e34e35c
external-resources/beast-academy/Beast Academy. Math practice 5.pdf	Optional downloaded mathematics reference input	14467956	00b78b7ed8b59fd4c8592648e468e34912a93e704a7c42c3e99c715e44f007a0
external-resources/earlyfamilymath/EFM Educator Games All 9.16.23/0 Math Activities For Educators - Introduction.pdf	Optional downloaded mathematics reference input	117799	f3767cc96db0b707267dd366f3ac7274996bf1ea1693e9eb52b7094685e74b5b
external-resources/earlyfamilymath/EFM Educator Games All 9.16.23/0 Math Games for Focused Practice - Introduction.pdf	Optional downloaded mathematics reference input	150574	86ea87ed9e6f5625d986af7b6d791a1a9b8f8f0cf2bb45dab98313e666d8d19d
external-resources/earlyfamilymath/EFM Educator Games All 9.16.23/1 Add and Sub ΓÇô Fingers I.pdf	Optional downloaded mathematics reference input	157926	098647ecc56a06a591264ea15e12a03c6d3b4503e38d0bcffb2c9858bb3c52fe
external-resources/earlyfamilymath/EFM Educator Games All 9.16.23/1 Addition - Review.pdf	Optional downloaded mathematics reference input	122522	2cff24f66bc188190068eb14f2dacce8de862dc1787a0911aed6fd68e310ddc0
external-resources/earlyfamilymath/EFM Educator Games All 9.16.23/1 Addition ΓÇô Fingers II.pdf	Optional downloaded mathematics reference input	124251	899b048c9f36b49d34f6b52d6b309493ec7a10365fcf2c06d36e1a95435574f4
external-resources/earlyfamilymath/EFM Educator Games All 9.16.23/1 Handfuls.pdf	Optional downloaded mathematics reference input	124657	2eb07548d64b5a43396b28e518b214a635e7b2929c0c00a72f99a0607bb54d5e
external-resources/earlyfamilymath/EFM Educator Games All 9.16.23/1 Make 10 Gin Rummy.pdf	Optional downloaded mathematics reference input	114504	50cb50d411a067a5c5afda08dd47d9ce4f59f61ab6f371d2de53d1e4564b2ed9
external-resources/earlyfamilymath/EFM Educator Games All 9.16.23/1 Subtraction - Review.pdf	Optional downloaded mathematics reference input	122955	c53d5354b8b997dcdb782a0c635e935639109f3ee6021d472641f6565f0a320f
external-resources/earlyfamilymath/EFM Educator Games All 9.16.23/1 Subtraction ΓÇô Fingers II.pdf	Optional downloaded mathematics reference input	140231	a4aeb561899fd625c05eb867d47e74b03ba041a9297234abb83ff5c92573a4ee
external-resources/earlyfamilymath/EFM Educator Games All 9.16.23/1-2 5-Card Draw to a Target.pdf	Optional downloaded mathematics reference input	116196	e9247ef935b86e6c409b08174a6a2193467d029f450cc9d3157f1b6056dcf653
external-resources/earlyfamilymath/EFM Educator Games All 9.16.23/1-2 Any Which Way.pdf	Optional downloaded mathematics reference input	115782	7a8b17c2b07175b0c0a9b73613880891b9e1443418e86c195dde78a626c18ed4
external-resources/earlyfamilymath/EFM Educator Games All 9.16.23/1-2 Bag Stories - Add and Subtract.pdf	Optional downloaded mathematics reference input	122037	9b7571a6d28b02f9c0be66d828ff0090c5c3dfc5dcb57ccc48faf8f2921c310c
external-resources/earlyfamilymath/EFM Educator Games All 9.16.23/1-2 Claim the Frame.pdf	Optional downloaded mathematics reference input	120981	09f3ebc9754c095b952fd6e959f6182e9f11e53f0246873304e672585aad320d
external-resources/earlyfamilymath/EFM Educator Games All 9.16.23/1-2 Creating Order.pdf	Optional downloaded mathematics reference input	149594	e4a6b98049e4ae6ce906de26ae8ba5fe3531b06a96086530ace925cf4404e119
external-resources/earlyfamilymath/EFM Educator Games All 9.16.23/1-2 Don't Break the Bank.pdf	Optional downloaded mathematics reference input	121012	4d297549aad891b02749fdcabbc1fc4695c101a965cbd95fb0a18bef09b12d0f
external-resources/earlyfamilymath/EFM Educator Games All 9.16.23/1-2 Get Closest.pdf	Optional downloaded mathematics reference input	120874	a157658b74c99c87911cc0ba009daf2ad89548889ef0e9b6606b15ad32cc2b6c
external-resources/earlyfamilymath/EFM Educator Games All 9.16.23/1-2 Pairing Down.pdf	Optional downloaded mathematics reference input	138145	779ae7fa4e7b8801b9b8e6e1ee5ebdd0847851aadf70c71dce0d3683e98a62f0
external-resources/earlyfamilymath/EFM Educator Games All 9.16.23/1-2 Part-Whole Triangles.pdf	Optional downloaded mathematics reference input	118820	e2be97b9632e89b204ff84a6ae0a13f6b0cfdaae4514562f0f43fb15cd0677aa
external-resources/earlyfamilymath/EFM Educator Games All 9.16.23/1-2 Stake Your Claim.pdf	Optional downloaded mathematics reference input	111509	2fa20e995623b324118da21afb412e5b096ae2b84ed13f1e05be19e8cc5dd8e0
external-resources/earlyfamilymath/EFM Educator Games All 9.16.23/1-2 Sum Groups.pdf	Optional downloaded mathematics reference input	124288	f8a7c01248a4f66a69b785a752a1e5dbf14c8994e51990b56b3a0e48a251c282
external-resources/earlyfamilymath/EFM Educator Games All 9.16.23/1-3 Hit the Target.pdf	Optional downloaded mathematics reference input	113218	94ce596809ebbed6d44fb0873ef6f2996f65da65d50e5461ff5189db261672e1
external-resources/earlyfamilymath/EFM Educator Games All 9.16.23/1-3 Making 100.pdf	Optional downloaded mathematics reference input	126009	b354c4bac18aad3b0c234241471e490df73f968a134b58de007a7782d80a8090
external-resources/earlyfamilymath/EFM Educator Games All 9.16.23/1-3 Math Blackjack.pdf	Optional downloaded mathematics reference input	115566	b194467e476ff78d0a722c22f78cf0c46e9d62672582d70cedac8764ff8d04a9
external-resources/earlyfamilymath/EFM Educator Games All 9.16.23/1-3 Pig.pdf	Optional downloaded mathematics reference input	114487	bbbd602567dc85a48dbe5a1ad5d6dbc803c4d9a06b070fc256ad9be76674ee42
external-resources/earlyfamilymath/EFM Educator Games All 9.16.23/1-3 Skip Counting.pdf	Optional downloaded mathematics reference input	125540	abd649f4987352ffb2e610f9675c648b493f09046ef9c35c2b923a2e4e430ad4
external-resources/earlyfamilymath/EFM Educator Games All 9.16.23/1-3 Sum Difference.pdf	Optional downloaded mathematics reference input	115698	203125adc0742ca435a2231eb4c9db76e30fa77b9be7844ee31bfb768fe5cd7c
external-resources/earlyfamilymath/EFM Educator Games All 9.16.23/2-3 Short Steps to a Target.pdf	Optional downloaded mathematics reference input	115406	9f3665064177e2e8350e3fa556693caca470d5c81166a2b7fd386e198f89e3cb
external-resources/earlyfamilymath/EFM Educator Games All 9.16.23/2-3 The Paddock Game.pdf	Optional downloaded mathematics reference input	112428	0c093be703f903c369f3544fe901adae118869a358e4b4dbea5d3a6cd9305b51
external-resources/earlyfamilymath/EFM Educator Games All 9.16.23/2-4 Double or Nothing.pdf	Optional downloaded mathematics reference input	114718	e5b885a848091d7ae5327571a094097368426682b27beffc2a06e0579f781148
external-resources/earlyfamilymath/EFM Educator Games All 9.16.23/2-4 Halves and Have Nots.pdf	Optional downloaded mathematics reference input	112551	265b619995036ce6d270099861ab82a36936123433d8a98a439a2bbe4ba5abc9
external-resources/earlyfamilymath/EFM Educator Games All 9.16.23/2-4 Missing Numbers.pdf	Optional downloaded mathematics reference input	128412	fb5dc818b077c31e35680c726c87a332d43f1f21a4c73e475def43bd88c4c7d9
external-resources/earlyfamilymath/EFM Educator Games All 9.16.23/2-4 Number Scramble.pdf	Optional downloaded mathematics reference input	124244	0c8b2a53346b239f44f6042bb14cdf81b3c918034245ac29af408c5b51b8fd8b
external-resources/earlyfamilymath/EFM Educator Games All 9.16.23/2-4 Pig Doubled.pdf	Optional downloaded mathematics reference input	123220	354b3d42abfcbbc5e772aa6253177b50541e7e68471a5ef42a9e3cf0bc902f92
external-resources/earlyfamilymath/EFM Educator Games All 9.16.23/2-4 Secret Ops.pdf	Optional downloaded mathematics reference input	118091	0160563b02259d12f41a8b5db4069150dc15c2012f44a31c1104848aa376d253
external-resources/earlyfamilymath/EFM Educator Games All 9.16.23/2-5 Beep.pdf	Optional downloaded mathematics reference input	125801	cfa56580a37d7e8dd60a8051099e5ea39391a020145526c286b14ba06a821e50
external-resources/earlyfamilymath/EFM Educator Games All 9.16.23/2-5 Fill in the Blanks.pdf	Optional downloaded mathematics reference input	121737	91daa2162b22797b2194a50b173f4079ed9caf9a1f14b34a7a18c39536e59b40
external-resources/earlyfamilymath/EFM Educator Games All 9.16.23/2-5 Letter Substitution.pdf	Optional downloaded mathematics reference input	155394	47358192a490114bc789badfab4d1c7a691b70e2aa5b364dd7c79c3b975547b1
external-resources/earlyfamilymath/EFM Educator Games All 9.16.23/2-5 Number Shapes.pdf	Optional downloaded mathematics reference input	125030	5a3d7ea6ea06097bb36867648681c1205402af093e48564a2072041d6ca5da46
external-resources/earlyfamilymath/EFM Educator Games All 9.16.23/2-5 Parentheses Puzzles.pdf	Optional downloaded mathematics reference input	114868	b82d303c0ce8f1770e5e92944490c3e4f4576d3e5f6fbe6d63a1f4199af6a945
external-resources/earlyfamilymath/EFM Educator Games All 9.16.23/3 Multiplication ΓÇô Review.pdf	Optional downloaded mathematics reference input	133684	2adcf2c88be760ed26da7b2b9c69748735b9b50ed54aa409a8b4b1a44fc57952
external-resources/earlyfamilymath/EFM Educator Games All 9.16.23/3-4 20's.pdf	Optional downloaded mathematics reference input	118353	e1fc537b9e5378a3474d4aa23681957ceafdeceae45f35a9d45bcff46b84a28d
external-resources/earlyfamilymath/EFM Educator Games All 9.16.23/3-4 Cover Factors & Multiples.pdf	Optional downloaded mathematics reference input	124898	f125a39eade4e9f6b654c1c3e2d39078b68253da6498ee677a26addecdaaa3bb
external-resources/earlyfamilymath/EFM Educator Games All 9.16.23/3-4 Divide Up the Box.pdf	Optional downloaded mathematics reference input	122834	11d362cfb2114ef5d995eb391ffbee177b8380baafc68c1b74bc8e6b05df69ca
external-resources/earlyfamilymath/EFM Educator Games All 9.16.23/3-4 Revealing Products.pdf	Optional downloaded mathematics reference input	124347	669347663f4f67fdf87f0ccc32d0c6ef21a3b0a2ec1b98e881c6b711240b9d7f
external-resources/earlyfamilymath/EFM Educator Games All 9.16.23/3-4 War - Mult.pdf	Optional downloaded mathematics reference input	120233	90964a0b6b0a634c4b525c77a6490e2ab845d4c601320aef2a7515f394bbc674
external-resources/earlyfamilymath/EFM Educator Games All 9.16.23/3-5 Bingo - Skip Counting.pdf	Optional downloaded mathematics reference input	114940	f42cc4ae165da8b9fa4ce5a5a7a0270f1d26bd1e35d56a4ba72c09146a3da51b
external-resources/earlyfamilymath/EFM Educator Games All 9.16.23/3-5 Grabbing Factors.pdf	Optional downloaded mathematics reference input	121600	261b30590ecd91ea3f314e10908d10c7dc22584d9d4188323d3bf4507f466f9a
external-resources/earlyfamilymath/EFM Educator Games All 9.16.23/3-5 Limited Calculators.pdf	Optional downloaded mathematics reference input	108456	25452b17da682286986cbace7a9f9c445074588b0d3fb90eca0042ed59f82e1f
external-resources/earlyfamilymath/EFM Educator Games All 9.16.23/3-5 The Product Game.pdf	Optional downloaded mathematics reference input	315012	f93be98437d85ffe7a3a142caeef4079164b2eaa5dc0485c9561dad991c211bf
external-resources/earlyfamilymath/EFM Educator Games All 9.16.23/3-5 Turning the Tables.pdf	Optional downloaded mathematics reference input	194702	359dcca9187870f9ae419e789894977b6ff3c62463ec981cb7456b0ff10514a9
external-resources/earlyfamilymath/EFM Educator Games All 9.16.23/4-6 Counting Neighbors.pdf	Optional downloaded mathematics reference input	134716	2942b01981eca641520669d1b32583a57c2940833c1959c206d869b1c2463f2c
external-resources/earlyfamilymath/EFM Educator Games All 9.16.23/4-6 Finding Multiples.pdf	Optional downloaded mathematics reference input	116801	fa63e93272d29d7fdfa5c0d31581710d3489c63cd7544c9ee9e59890f92496a2
external-resources/earlyfamilymath/EFM Educator Games All 9.16.23/4-6 I'm Thinking of a Number - Remainders.pdf	Optional downloaded mathematics reference input	120952	280f3ca907c60752096b13335000c2bc2380bba9003578111935c1f2d887d414
external-resources/earlyfamilymath/EFM Educator Games All 9.16.23/4-6 Mix it Up.pdf	Optional downloaded mathematics reference input	127096	2ee8b73f338ffed1ca2e18a7c66c035655d51a977971bd46dce986e534ec8766
external-resources/earlyfamilymath/EFM Educator Games All 9.16.23/4-6 Nim With Factors.pdf	Optional downloaded mathematics reference input	117209	6d3984b2f09087fe616f714c1fe0e8608d711034a160cb9dfd22570a5ee33f33
external-resources/earlyfamilymath/EFM Educator Games All 9.16.23/5-6 Prime Factorizations.pdf	Optional downloaded mathematics reference input	117951	bee496cfa3d19e7208b7b8795302ce9022725f675042b102dd4f5f412f342e3b
external-resources/earlyfamilymath/EFM Educator Games All 9.16.23/K Line 'em Up.pdf	Optional downloaded mathematics reference input	113367	80219fa3b2f949669618a75219096aa694d616bf3069a551c266e382dd7444a8
external-resources/earlyfamilymath/EFM Educator Games All 9.16.23/K Memory Challenge.pdf	Optional downloaded mathematics reference input	123741	4b045ba82608f3bef45b5fd454ecb1ce3821e5e7eb18a9774763636405ac46c7
external-resources/earlyfamilymath/EFM Educator Games All 9.16.23/K The In-Between Game.pdf	Optional downloaded mathematics reference input	124528	9cea449d160f059e5f794510446d87d9e57eb2cb9fc46551fde309d4f61e19df
external-resources/earlyfamilymath/EFM Educator Games All 9.16.23/K-1 Back and Forth - 12.pdf	Optional downloaded mathematics reference input	140047	3d60a67c646d8e02b3fe19e1ce3cd5803e4ded58828f1e609111b85582049fab
external-resources/earlyfamilymath/EFM Educator Games All 9.16.23/K-1 Back and Forth - 20.pdf	Optional downloaded mathematics reference input	175753	735dfc461612d5d386ce5ec851cfabc2f7c799f48130fd059aed47ce2fcfdbec
external-resources/earlyfamilymath/EFM Educator Games All 9.16.23/K-1 Back and Forth - 24.pdf	Optional downloaded mathematics reference input	188906	d0959f333d0c3b2836c0227731e83914c4cde29f01255466eae2dce903290b48
external-resources/earlyfamilymath/EFM Educator Games All 9.16.23/K-1 Bingo.pdf	Optional downloaded mathematics reference input	140627	677e46b804f4ce55b00286bd5b40bc2f03d6382706b1e5ad5508a86f81e094cc
external-resources/earlyfamilymath/EFM Educator Games All 9.16.23/K-1 Dots and Boxes Numbered.pdf	Optional downloaded mathematics reference input	124179	5b741efdeaf191bc39302bbba1260c63109c58bd0804a2610315e8c0bb7b5d16
external-resources/earlyfamilymath/EFM Educator Games All 9.16.23/K-1 Dots and Boxes.pdf	Optional downloaded mathematics reference input	120642	7eb5c51f36d56d8fede0411bdc0b3a8df953326b5d161ee23b0195d8b69c5347
external-resources/earlyfamilymath/EFM Educator Games All 9.16.23/K-1 Get Out of My House.pdf	Optional downloaded mathematics reference input	160583	33077105454af99c443d4c27330312c23789830c7cb6588ff8ef3d8b8dcdb67c
external-resources/earlyfamilymath/EFM Educator Games All 9.16.23/K-1 Go Fish With Sums.pdf	Optional downloaded mathematics reference input	129475	c7236a755e59c845dab2a369bf8b439cf5b5b6caa42252f69b9dcf489f478242
external-resources/earlyfamilymath/EFM Educator Games All 9.16.23/K-1 Go Fish.pdf	Optional downloaded mathematics reference input	125437	52d38b0371fb72feac47bb0a827d283fa36dacb16dfeb3f0936a782791e0853d
external-resources/earlyfamilymath/EFM Educator Games All 9.16.23/K-1 High Fives and More.pdf	Optional downloaded mathematics reference input	118165	d29a9011249842cc64d3b0c3841f6f9cfbd24ff1c327ffe353b66d6c155bcbeb
external-resources/earlyfamilymath/EFM Educator Games All 9.16.23/K-1 Island Hopping ΓÇô Counting.pdf	Optional downloaded mathematics reference input	155125	93409df5426359a383dd2a2eaf7bd750e42ae9d602b0490fee1cd8aea5abba3d
external-resources/earlyfamilymath/EFM Educator Games All 9.16.23/K-1 Mystery Change.pdf	Optional downloaded mathematics reference input	114830	64afc0553ca139868ca4f7db2e7396931d0a464034298a44c0eaa5b7c3e7aaba
external-resources/earlyfamilymath/EFM Educator Games All 9.16.23/K-1 Number Line Battleship.pdf	Optional downloaded mathematics reference input	151067	78a6d41c3d914b797a9e9778c7a1dcf565d8ae0a70451b557e30afdd8942948f
external-resources/earlyfamilymath/EFM Educator Games All 9.16.23/K-1 Stand Up Sit Down.pdf	Optional downloaded mathematics reference input	124566	5c4eb0bd09602477c5cd837ed37716b46977721bc12200d5cbf252fbeb43d15f
external-resources/earlyfamilymath/EFM Educator Games All 9.16.23/K-1 War - Add, Sub.pdf	Optional downloaded mathematics reference input	124298	630d39baa4b45bfac19ef089b9fd954a24ae36ea755cc6ffe1a98789b77f300e
external-resources/earlyfamilymath/EFM Educator Games All 9.16.23/K-1 War - Compare to 10.pdf	Optional downloaded mathematics reference input	132515	bb43bcc0abd42f789423a44687db18eda739f13da7477f6fbd7e79622b4c13d6
external-resources/earlyfamilymath/EFM Educator Games All 9.16.23/K-1 War - Compare to 99.pdf	Optional downloaded mathematics reference input	123516	bb1b1e8783b3d1864a77a293c3eee052a15f439ec6ec7dde360f543163919c8c
external-resources/earlyfamilymath/EFM Educator Games All 9.16.23/K-2 Closest to 10.pdf	Optional downloaded mathematics reference input	112279	5f96b746f15ba893fbd479489af541b1514e471dc62bbfa6872cb8331e7cfadd
external-resources/earlyfamilymath/EFM Educator Games All 9.16.23/K-2 Dont go Over.pdf	Optional downloaded mathematics reference input	113691	5b55f4e8e760c7bdfa5c3e7cae8a4d9a81d51185fa415e16c5fe05b4cb1a2f26
external-resources/earlyfamilymath/EFM Educator Games All 9.16.23/K-2 Four in a Row.pdf	Optional downloaded mathematics reference input	143224	78febc8a8d57b151bf0f598d29e8430067e47eb56e7776db1dd0d5b8b0b68682
external-resources/earlyfamilymath/EFM Educator Games All 9.16.23/K-2 Get Out of My House Add Sub.pdf	Optional downloaded mathematics reference input	114467	8d25aeab9827ebbff535006e1deccc25c13d69a531f1de584bd28d39fdfb6e2b
external-resources/earlyfamilymath/EFM Educator Games All 9.16.23/K-2 Going Up Stairs.pdf	Optional downloaded mathematics reference input	123136	48630fd4a1c4cd159690ad016c2fbe04395cc68d5fd85d68fc64d65b83bfa4fb
external-resources/earlyfamilymath/EFM Educator Games All 9.16.23/K-2 I'm Thinking of a Number.pdf	Optional downloaded mathematics reference input	131827	b19c0c1984920f5de9ddcf1c284640cb451f4fdf7d2b19c0ca6e1f9f95408b8e
external-resources/earlyfamilymath/EFM Educator Games All 9.16.23/K-2 Math Tic Tac Toe.pdf	Optional downloaded mathematics reference input	111898	d4d6131b9eb7a2b638e185eb8b1ec5cbaea889a7865df64a5fdbe36988526555
external-resources/earlyfamilymath/EFM Educator Games All 9.16.23/K-2 Memory Challenge Revisited.pdf	Optional downloaded mathematics reference input	122465	370449507686fdd1cc3cd4d242d396e9207a75850419b3c3647852d2d99ef0f3
external-resources/earlyfamilymath/EFM Educator Games All 9.16.23/K-2 Mixer.pdf	Optional downloaded mathematics reference input	114727	2e2c01abe0008fe5580ef11c0fdaaa94916f32e163c83a5c356759b6a2de8b1a
external-resources/earlyfamilymath/EFM Educator Games All 9.16.23/K-2 Pattern Blocks - Last Piece.pdf	Optional downloaded mathematics reference input	253764	f09c379da962a7dead1a23e5c8ee9dda5a4ca98f0707ceac56081aa126398b47
external-resources/earlyfamilymath/EFM Educator Games All 9.16.23/K-2 Pattern Blocks - Least Pieces.pdf	Optional downloaded mathematics reference input	249922	48649b1f3917d0a4198a7e0e821f1d473533710e05eea9b9d0e8ec15ba957586
external-resources/earlyfamilymath/EFM Educator Games All 9.16.23/K-2 Shape Sums.pdf	Optional downloaded mathematics reference input	137324	fd8987bc1236cc32d2989d1940dae7204ec32e85f2ce70155c9fff76ba9460f1
external-resources/earlyfamilymath/EFM Educator Games All 9.16.23/K-2 Shut the Box.pdf	Optional downloaded mathematics reference input	113138	2faad6c651e4bc2cb34ec01479d89c74531059a62e9d3574c7ef0b55dccb8d80
external-resources/earlyfamilymath/EFM Educator Games All 9.16.23/K-2 Sum Groups.pdf	Optional downloaded mathematics reference input	124323	ccc73c393b6d7cd3993fafbc5789f887dbf1c1e251c0090d56eccb8a098864e0
external-resources/earlyfamilymath/EFM Educator Games All 9.16.23/K-3 Nim - Diagonal.pdf	Optional downloaded mathematics reference input	155135	3e22f75a9e6ed0db988da7cf713ba4ed597dfcb19ffd2f5bd96fa0eb47e7f24e
external-resources/earlyfamilymath/EFM Educator Games All 9.16.23/K-3 Nim 1 - 2.pdf	Optional downloaded mathematics reference input	122994	caee42b1e98feb09f95770fd2289bc119417bb91b1149dcd6e328c36a179e109
external-resources/earlyfamilymath/EFM Educator Games All 9.16.23/K-3 Sim Triangle.pdf	Optional downloaded mathematics reference input	167669	27ac289cbb52bdb2f1b2c94532601c9b1056264394ff4ffd5f023822edda0a4e
external-resources/earlyfamilymath/EFM Educator Games All 9.16.23/PK-1 Finding Squares.pdf	Optional downloaded mathematics reference input	122611	390c287215408c2e326897021b39c7ee2edc1f1c41352be1fd73e5700c2f5822
external-resources/earlyfamilymath/EFM Educator Games All 9.16.23/PK-1 Scavenger Hunt.pdf	Optional downloaded mathematics reference input	154586	83bc1ca900c64a94c26071ba7881db3a876fca6be4f457182903c97db1545c77
external-resources/earlyfamilymath/EFM Educator Games All 9.16.23/PK-1 Whose Shape is this Anyway.pdf	Optional downloaded mathematics reference input	186679	485c57a23107f2c4f1509e7a399a13f55f3f4ea63f86753d17e1083346b7954e
external-resources/earlyfamilymath/EFM Educator Games All 9.16.23/PK-3 Cutting Symmetric Shapes.pdf	Optional downloaded mathematics reference input	130406	d0d73e6036a08e5f0606418739612f84df2fa8bf0d0bd581200946a7c0ff8599
external-resources/earlyfamilymath/EFM Educator Games All 9.16.23/PK-5 Smallest Single Number.pdf	Optional downloaded mathematics reference input	114058	cf5cb00e995ca4b2d7075f1a23b4b52840e0204480d2eeb902cf501b282d1b3f
external-resources/earlyfamilymath/EFM Educator Games All 9.16.23/PK-K Counterexamples.pdf	Optional downloaded mathematics reference input	126412	453f4520ac9a8c061eb41d6b5bcfe38ad495a4b87e865d93cf6f45a9eb11347c
external-resources/earlyfamilymath/EFM Educator Games All 9.16.23/PK-K Follow the Leader.pdf	Optional downloaded mathematics reference input	124412	b5efc59c646d70c0c72c59f82d14bc20742baa7c0bf5104ae9eeda09870c42de
external-resources/earlyfamilymath/EFM Educator Games All 9.16.23/PK-K Same and Different.pdf	Optional downloaded mathematics reference input	131768	4e9046fedd28aa242bd79568666207cb97b683045216bd9556d39fec9b249863
external-resources/earlyfamilymath/EFM Educator Games All 9.16.23/PK-K String Number Line.pdf	Optional downloaded mathematics reference input	144435	6443971fcd18a504a0960920b5c58bf288c655d855533c8cf2ab653af7315c50
external-resources/earlyfamilymath/EFM Educator Games All 9.16.23/PK-K Which One Doesn't Belong.pdf	Optional downloaded mathematics reference input	140671	4cfd033ab62925328622777f0ce0f6745c1e3f958db67fd90ea2183c566ba627
external-resources/earlyfamilymath/EFM Puzzles of the Week A to F 10.19.23/EFM Puzzle of the Week A.pdf	Optional downloaded mathematics reference input	1505552	8e9cb4b6235fda6cf483618775733f545225e0409d80a6b76f568bfcb5e0b7d5
external-resources/earlyfamilymath/EFM Puzzles of the Week A to F 10.19.23/EFM Puzzle of the Week B.pdf	Optional downloaded mathematics reference input	6998932	3970994532cdc3a944dbcb8d0f2576cd6c64012ff9a47990eee066cd152f5303
external-resources/earlyfamilymath/EFM Puzzles of the Week A to F 10.19.23/EFM Puzzle of the Week C.pdf	Optional downloaded mathematics reference input	3597610	214b95914d5bb0999f5a334100020be244ddc9c5687a7ab21897fe9236be7e84
external-resources/earlyfamilymath/EFM Puzzles of the Week A to F 10.19.23/EFM Puzzle of the Week D.pdf	Optional downloaded mathematics reference input	1086688	8001fcc7ab8155e7553a636a67d25b22e209c491339233252a07846476490b80
external-resources/earlyfamilymath/EFM Puzzles of the Week A to F 10.19.23/EFM Puzzle of the Week E.pdf	Optional downloaded mathematics reference input	2832108	e7f1a3826e87815c4deab6ee0f73d7f2d972bd1e5e863d6df344f53d0ba40a30
external-resources/earlyfamilymath/EFM Puzzles of the Week A to F 10.19.23/EFM Puzzle of the Week F.pdf	Optional downloaded mathematics reference input	2319321	5c573e7c39a7061d9628d79bf3bb392606ce5f5bc72666d25e2fb202890ad361
external-resources/etingof-introduction-representation-theory-2011.pdf	Optional downloaded mathematics reference input	815105	2de50b9f1522d2ab80e2160955e5bd2b81c219214bb94ed0e9c45cfaf9bde22c
external-resources/fong-spivak-seven-sketches.pdf	Optional downloaded mathematics reference input	2773080	893d8a68a236ccaee60408f749dadfd002cf03a632c7e13c275b9061d2faa5e8
external-resources/jrmf/3-in-a-Row-Activity-Guide.pdf	Optional downloaded mathematics reference input	3446677	fe704e181918c224751ce79429e942905b151ce7c1024352746bea311113d1d6
external-resources/jrmf/3-in-a-Row-Instructions-Spanish.pdf	Optional downloaded mathematics reference input	280784	e96c9cb56b6cc9b63b9a55d669ad28bdc2e732d098a3287430cae3a0a3d97d5e
external-resources/jrmf/Apple-Picking-Activity-Guide.pdf	Optional downloaded mathematics reference input	4388696	d3775cffcccde7f35d5829eab1006df32a5a76f09881d43050d4de2358480c19
external-resources/jrmf/Apple-Picking-Beginner-Version-Activity-Guide.pdf	Optional downloaded mathematics reference input	3511252	26f6322a606faee52ebb69cc79d4c8a5556affc091d952f132801841ec7c4526
external-resources/jrmf/Apple-Picking-Instructions-and-Tasks-Spanish.pdf	Optional downloaded mathematics reference input	1224772	ac8f4c8e1bc6a06f66a7fe734112a143ef9eba4955fa45c6656e53c5a6eb420d
external-resources/jrmf/Arithmagons-Activity-Guide.pdf	Optional downloaded mathematics reference input	3796870	420be1f3a5f85d7d9506eb7b49b10886f0eefab346c6eb5210be948a762d8f80
external-resources/jrmf/Arrows-Activity-Guide.pdf	Optional downloaded mathematics reference input	7310235	899c176a467e2069097c07f1b0e30fe766a437b6c3d409692edb1636643f83be
external-resources/jrmf/Block-Battle-Activity-Guide.pdf	Optional downloaded mathematics reference input	3337846	70cb6ed6c727dd9f898f4f4fd439bd1f92083dd26957b4f61e07c0f1b9167d93
external-resources/jrmf/Blue-Dot-Solitaire-CURRENT-English.pdf	Optional downloaded mathematics reference input	366226	10cd32b020e1f4e7535cbf1432fe38af955accd92b4da200c9922bc4f28540fb
external-resources/jrmf/Bridges-Activity-Guide.pdf	Optional downloaded mathematics reference input	7003785	8863dd255b27302f1d520f226208077c17dfa64b855dd6c38023a9506b5482b7
external-resources/jrmf/Bridges-Beginner-Version-Activity-Guide.pdf	Optional downloaded mathematics reference input	3821037	fd9ad0d4261761978709fa042481cf24a4326e5b9200fc39bc28280a97c95913
external-resources/jrmf/Bridges-Instructions-Spanish.pdf	Optional downloaded mathematics reference input	254254	b0823005e1246b985329b2e2f9872ff3ad6b5f7511a0cff9fea9fb94845bfdf5
external-resources/jrmf/CatDogMouseMagicBooklet_v7-1.pdf	Optional downloaded mathematics reference input	7486795	7657fe8fd08ef345cee29e15dd04d44da2ce003893d3c821cb201a520fd2397a
external-resources/jrmf/CatDogMouseMagicVersion2_final.pdf	Optional downloaded mathematics reference input	12768622	dea37025505b96a851be6fdc95bb0eee31467e449aa0c7d38e3322c2ffb0a816
external-resources/jrmf/CatDogMouseMagic_Ver4E.pdf	Optional downloaded mathematics reference input	14776733	1c004e62a2f10d951f599d2cfd7a58ea02c46bc8470101a0dfaf2f60c4f803fc
external-resources/jrmf/Catch-Up-Festival-Guide.pdf	Optional downloaded mathematics reference input	1509734	e43d12c9f8f416f2655bb8fe4441b2fff9b5dcdad1dc15e2926fa08431f0d319
external-resources/jrmf/Catch-Up-Instructions-and-Tasks-Spanish.pdf	Optional downloaded mathematics reference input	366017	a13611d72738a3140c96e25953d7d8e738d23bcff7c95ecc8c0f5732bb3f1fc0
external-resources/jrmf/Changing-Colors-Activity-Guide.pdf	Optional downloaded mathematics reference input	2727861	d1b77e154cb3a8efae5e1194014708cf6e6c0d7bd57608a34d36af682b568b3d
external-resources/jrmf/Changing-Colors-Beginner-Version-Activity-Guide.pdf	Optional downloaded mathematics reference input	3474267	615fe572de085b8c4d845cfa831024a86a3fc9e5cf740506534e99b6cfccea02
external-resources/jrmf/Changing-Colors-Instructions-Spanish.pdf	Optional downloaded mathematics reference input	257210	997ce54dc7a9388699804806608a562a0af2633ddffb280755754dca96482a2c
external-resources/jrmf/Chicken-Mazes-Activity-Guide.pdf	Optional downloaded mathematics reference input	3108021	84d1e06ca41ad97fdfd27162b28baa34d67adaeb56b56fe97a7c1a5451487caf
external-resources/jrmf/Color-Mazes-Beginner-Version-Activity-Guide.pdf	Optional downloaded mathematics reference input	2293244	cce9d6b7a09789df92e421b4b20a28a88b41ba88fa50591a0460e18611d05b5c
external-resources/jrmf/Connect-the-Dots-Activity-Guide.pdf	Optional downloaded mathematics reference input	2184867	6c8879452fa07b6824c3c3a754a016a77be93d91d2cc421e53a2ae5d7620ab8f
external-resources/jrmf/Connect-the-Dots-Instructions-Spanish.pdf	Optional downloaded mathematics reference input	263097	69491f2e67d468d0450eb9077aefc72535123d665a704d87dd64ead31b7079dc
external-resources/jrmf/Corners-Activity-Guide.pdf	Optional downloaded mathematics reference input	2343542	3c65646288fe8cc21c9f5d9bbab71b40ac4530a44b1f0c6bf3b9eaf19062ffe1
external-resources/jrmf/Countdown-Festival-Guide.pdf	Optional downloaded mathematics reference input	3088941	cc4a7505d5995c9a1cc447a0d673c5ec7c1330e11ddf75986c90052a8dae45aa
external-resources/jrmf/Countdown-Teaching-Guide.pdf	Optional downloaded mathematics reference input	1998811	696da42998b9076b2282de655e1e9c9be9046b220b76cac9ccf075f2eb6d54c2
external-resources/jrmf/Cover-Up-Activity-Guide.pdf	Optional downloaded mathematics reference input	2878115	d3cdf1940e47635ab93a65f33e616930e1a966e78c1d30ef48212dd7cb3a9920
external-resources/jrmf/Cover-Up-Beginner-Version-Activity-Guide.pdf	Optional downloaded mathematics reference input	3089196	fe2e23834bdc52ce1692c71cb8214b2f8b0debca1da08526a6639871b64d7c14
external-resources/jrmf/Cup-Stacking-Activity-Guide.pdf	Optional downloaded mathematics reference input	2343186	537c9cb626e0c5167a41cd84c71892087ae3183d4d61a8d6cd334e3008ce48d5
external-resources/jrmf/Cup-Stacking-Instructions-and-Tasks-Spanish.pdf	Optional downloaded mathematics reference input	879596	5e88d950c585ba355299c0c75832f7f53994c3f6876f888a4ce00cc2c67fd0aa
external-resources/jrmf/Cup-Stacking-Teaching-Guide.pdf	Optional downloaded mathematics reference input	2251534	3a2c0e0dc4639689d115094842658a70f5d342ac774160c5d3d287d0e191dde9
external-resources/jrmf/Dice-Bingo-Activity-Guide.pdf	Optional downloaded mathematics reference input	2032489	f18a775983f4a5a4a1c62c65094424df3703327e4d3cc039c31653083aa2a085
external-resources/jrmf/Dice-Bingo-Beginner-Version-Activity-Guide.pdf	Optional downloaded mathematics reference input	2734231	3ad0ca1d7871b30991161df1044ae5ab8925f0bc31a44dcd56c200a7f451782a
external-resources/jrmf/Dice-Bingo-Instructions-and-Tasks-Spanish-Translation.pdf	Optional downloaded mathematics reference input	856422	ae72c50a24bcd92db5a8bd4f8347ad34d9074d2869f703b2fdaca126c7e68442
external-resources/jrmf/Dice-Tac-Toe-Activity-Guide.pdf	Optional downloaded mathematics reference input	3466929	67b5186267f7c9dfcf6aff743df9ae82799bde4c38531db965d07bf97493ad3a
external-resources/jrmf/Domino-Dissection-Activity-Guide.pdf	Optional downloaded mathematics reference input	2486544	b019c8a915ffcf90a53b480ba9803a72fa268f60ad2a86b571e86d0cdc4e2825
external-resources/jrmf/Domino-Dissection-Beginner-Version-Activity-Guide.pdf	Optional downloaded mathematics reference input	3034917	b67f22b5d8671055046471841a50b0e59a272a2eea70723006e94c52f34d0fee
external-resources/jrmf/Domino-Dissection-Instructions-and-Tasks-Spanish.pdf	Optional downloaded mathematics reference input	985678	a1ece29f704fae34fa83fa2f8925ec42dd76155d0c27598c48327b10e9c044ef
external-resources/jrmf/Doodles-Activity-Guide.pdf	Optional downloaded mathematics reference input	1933980	a1418c06a1a760dfaba832f0e9a5125390558a34eabce2a4857726aa99923fbc
external-resources/jrmf/Doodles-Instructions-and-Tasks-Spanish.pdf	Optional downloaded mathematics reference input	1154407	5313e3a6d11ee9baab0864c027e46dae2a0d7f24f0e8dbed93324d330a438db3
external-resources/jrmf/Doodles-Teaching-Guide.pdf	Optional downloaded mathematics reference input	1194169	530538bbe367e8d5177ab42505f0015d9e6b18f81116dfa244266fa8768d9b24
external-resources/jrmf/Dot-Parties-Activity-Guide.pdf	Optional downloaded mathematics reference input	2815277	a81d93f0403d02dac800349e4cb95f3bc76afe9a03d46f81f8dc4e9dc98bfdc2
external-resources/jrmf/Dot-Parties-Beginner-Version-Activity-Guide.pdf	Optional downloaded mathematics reference input	2806325	8129a1eb26f17b131ca769512653909b5a99ef537ad60af118561f15874a6c9d
external-resources/jrmf/Dot-Parties-Instructions-Spanish.pdf	Optional downloaded mathematics reference input	276365	620f02d147a43f8b9d2e34f468341649cc481a041d44b4fc8cf5bd26c8c25250
external-resources/jrmf/Dueling-Dice-Festival-Guide.pdf	Optional downloaded mathematics reference input	1939166	8157240ada0f048df54daf9186bcb7a6d9b3614d43e71d362cc64376f74d90d1
external-resources/jrmf/Dueling-Dice-Spanish.pdf	Optional downloaded mathematics reference input	1428916	feb28c4811e5873e266d8a19509fb9b01e4867851b9f6f7737c097f8e05b71ce
external-resources/jrmf/Four-Corners-Activity-Guide.pdf	Optional downloaded mathematics reference input	1771388	e311cbfcd85a5bb1b0c6950df8dcbc29731bc78d64b7ce667559d1269ed28d6f
external-resources/jrmf/Four-Corners-Instructions-and-Grid-Spanish.pdf	Optional downloaded mathematics reference input	363131	36d19ee97fc4b46f0b28ad4cc52e5741ede786ccf104854598bc4ce25e86f40a
external-resources/jrmf/Frogs-and-Toads-Activity-Guide.pdf	Optional downloaded mathematics reference input	5104697	415180d773c373153d1266e57e6e9649af41aa949d1c2d411eef4ec5698f6048
external-resources/jrmf/Frogs-and-Toads-Instructions-Spanish.pdf	Optional downloaded mathematics reference input	669046	dc5d519769c386a91c8361bc92e048ed042c008542fe6676db1730474b54b447
external-resources/jrmf/Gerrymandering-Activity-Guide.pdf	Optional downloaded mathematics reference input	4931523	a7f285807fe6671152a1d60892521a2fdce7094c20acd93258661c2d0e119d1f
external-resources/jrmf/Gerrymandering-Instrucions-and-Tasks-Spanish.pdf	Optional downloaded mathematics reference input	938010	da65eb66adb10f9c191c14ee44eefb6952ee67852719c08b3881291604b56c45
external-resources/jrmf/Go-the-Distance-Activity-Guide.pdf	Optional downloaded mathematics reference input	3403514	7ee90a307a7d850c8df9aedae31d1a4209d89a8ac6416ea240106a463758918d
external-resources/jrmf/Graceful-Graphs-Festival-Guide.pdf	Optional downloaded mathematics reference input	2160813	600eb0117989bfb42f79df3bfa596a0e61ca6a6750dee4ae8fcb67dc8113613b
external-resources/jrmf/Happy-Tiles-Activity-Guide.pdf	Optional downloaded mathematics reference input	4434440	6fc21f3673bcc6932991110d8e1d900334c1acb28d64263ec28dbebe648a07d0
external-resources/jrmf/Hexaflexagons-Festival-Guide.pdf	Optional downloaded mathematics reference input	2762091	07421ded462c474d8452576a10d0f5d2b39f072584dbda5973730c8c6f4a3877
external-resources/jrmf/Honey-Bears-Activity-Guide.pdf	Optional downloaded mathematics reference input	4924655	3fd40d65a125017559ec7d9e020ee2bea48cdbcd39882350750002a972976dc0
external-resources/jrmf/Honey-Bears-Beginner-Version-Activity-Guide.pdf	Optional downloaded mathematics reference input	3939737	0b1f40d48680c9a498d761f6eeb7af49f5319b5bd267556f055ad78a9072b09c
external-resources/jrmf/Honeycomb-Activity-Guide.pdf	Optional downloaded mathematics reference input	1963670	46dd9558c1c4034aa08eb1cbd206383f435cb434fc38bddb8d92e43f2ff786cf
external-resources/jrmf/JRMF-Billiards-Geometry.pdf	Optional downloaded mathematics reference input	461359	d371ec347d43b7896fa6ea7d843b30dc99853fd450ee58d5646212b5e6155667
external-resources/jrmf/JRMF-Chameleon-Island.pdf	Optional downloaded mathematics reference input	472956	83476b2673b0db94136975e5e21d9cfb648d1221911493377ae8c778f562a3cd
external-resources/jrmf/JRMF-Chocolate-Fix.pdf	Optional downloaded mathematics reference input	4142271	876b375f8b7fdf97fa1fc4ec847bb82b9c974494b3c9695d29cdda4878b8dafb
external-resources/jrmf/JRMF-Chomp.pdf	Optional downloaded mathematics reference input	878761	5091fda567807e593b09d0b26b0fe802d6cd8e36cbced630b59d2bab386d9450
external-resources/jrmf/JRMF-Color-Triangles.pdf	Optional downloaded mathematics reference input	420320	7cd0f8dc16bea29323a652d34f2488d0997b8c9fd21d44e90d5376a439df2e49
external-resources/jrmf/JRMF-Colored-Loops.pdf	Optional downloaded mathematics reference input	2994176	cce1b36fd562f1cc01d1cf3e459d18d8a5842e625ddeb9f57f7ab15427851cd9
external-resources/jrmf/JRMF-Crack-the-Code.pdf	Optional downloaded mathematics reference input	479923	e7f24ddf2ebd0e2e029cdf072b8929500b4661aafea4a819efcd00869b830474
external-resources/jrmf/JRMF-Juice-Jumble.pdf	Optional downloaded mathematics reference input	959226	fa92732fcb2699c3efaa70555fd56b5b1c1c3e6af7ef0e5b035da6d089a74340
external-resources/jrmf/JRMF-Lots-o-Plots.pdf	Optional downloaded mathematics reference input	4873747	fd840aa69c55578535ce3afac359e1efdb10dc8beb1828a4d5daad02034fba14
external-resources/jrmf/JRMF-Monster-Town.pdf	Optional downloaded mathematics reference input	3073732	1bb4b75d40d2ca1e478333e69fc29f698cd7594b4753d25163bf4e0babbc89dc
external-resources/jrmf/JRMF-Panning-for-Gold.pdf	Optional downloaded mathematics reference input	1071649	53f4fe50b92a7a895f2f18589e44e790a9f3d71a34cbf95454175ca99fcd9a6a
external-resources/jrmf/JRMF-Pool-Testing.pdf	Optional downloaded mathematics reference input	619229	0aa3e9266258bfc3470b2ebe5874c9bd9564b322a97faeed19ef536b54cedad2
external-resources/jrmf/JRMF-Prime-Cubes.pdf	Optional downloaded mathematics reference input	1754886	8ba4b276dec9c0a143189da268296ff5821b19b010c7b5930df074fd7b38973f
external-resources/jrmf/JRMF-Smileys.pdf	Optional downloaded mathematics reference input	2873266	53b2a4a51928ab4aaab6f4f12ca7b52e624f668e3c50f951475df5f355db2d5f
external-resources/jrmf/JRMF-Tippy-Toads.pdf	Optional downloaded mathematics reference input	537800	3320d055cddddba3225ba3ce5eb11f20f9bf5bf6b13b88f78e7d4d604a6d598a
external-resources/jrmf/JRMF-Tower-of-Hanoi.pdf	Optional downloaded mathematics reference input	697027	b9e1634087ce9beaa7e1956496a46fd82481b6451dd66b67a91400b3d5b62242
external-resources/jrmf/Jumping-Julia-Activity-Guide.pdf	Optional downloaded mathematics reference input	2959831	5896630ed819537b76f3868eb15ca17c541b613dd59eabddc96615e3190ed293
external-resources/jrmf/Jumping-Julia-Beginner-Version-Activity-Guide.pdf	Optional downloaded mathematics reference input	3592872	ee6835879d09da887b0bb94b5c4d760e2ad3fcca6f013b9c102cee66da2a191d
external-resources/jrmf/Jumping-Julia-Instructions-and-Tasks-Spanish.pdf	Optional downloaded mathematics reference input	411612	1ab6685e24cbec997f419f22588f5249c54bdf642722c6519ca193d5d31c4edb
external-resources/jrmf/Konigsberg-Festival-Guide.pdf	Optional downloaded mathematics reference input	1888185	5b713446310c25d1aa5ce207af3d8fb14390fe9ee2780c5c865d97a9cb48cd51
external-resources/jrmf/Konigsberg-Instructions-and-Tasks-Spanish.pdf	Optional downloaded mathematics reference input	646200	4db9748d0ee0d25f5829532d0c29a8468b3d4e4edf0a9528a7c23a456dd3ddec
external-resources/jrmf/Konigsberg-Teaching-Guide.pdf	Optional downloaded mathematics reference input	1323981	49f1115f6e13c570637cc1f64d25b2d7a7f13d7552376400731c74f479e7926e
external-resources/jrmf/Ladybugs-Festival-Guide.pdf	Optional downloaded mathematics reference input	3190397	806c1ec1cff228297b9a522fb4aa99ee408a8218dff0d120930388d721f047ec
external-resources/jrmf/Ladybugs-Instructions-and-Tasks-Spanish.pdf	Optional downloaded mathematics reference input	1779547	ffffbec28b230d1595a60e86a53f1d851bfe95e08cccd1ca801c5384685937b5
external-resources/jrmf/Ladybugs-Teaching-Guide.pdf	Optional downloaded mathematics reference input	1893120	b229666677e894d9bfb756fe8b31176b74a6b740820fd19cf88f7d1908ffbde5
external-resources/jrmf/Magic-Flowers-Activity-Guide.pdf	Optional downloaded mathematics reference input	4595284	03a85b12267e30f97c025345fc78d57fccb8a7786198384877a40cb9e2a6d241
external-resources/jrmf/Magic-Flowers-Instructions-and-Tasks-Spanish.pdf	Optional downloaded mathematics reference input	1795687	d7ef28a421df982ead71cd3d23586939436d41f77f9cce08eadca5a165495ee5
external-resources/jrmf/Magic-Flowers-Teaching-Guide.pdf	Optional downloaded mathematics reference input	5416709	864b90ed893f050e5574f18a7fe93f8e4f4530163501da7710509665b956b293
external-resources/jrmf/Map-Coloring-Activity-Guide.pdf	Optional downloaded mathematics reference input	3877592	5351ed0dc6f0380bbea2737718db45fa4fea3d24be011ac1316b449e17896a70
external-resources/jrmf/Map-Coloring-Instructions-and-Tasks-Spanish.pdf	Optional downloaded mathematics reference input	1488950	393741f3c5f8f23e274a7fc437f1f4e6c8379e9938c4482772278d2c9618294d
external-resources/jrmf/Map-Coloring-Teaching-Guide.pdf	Optional downloaded mathematics reference input	2948072	3de39b244eec0e82d981514ee5f584bb979209518e5b404d7b5a46c130ab511b
external-resources/jrmf/Meeple-Town-Activity-Guide.pdf	Optional downloaded mathematics reference input	2170969	22276d64a874a1d776b08e846b557d17e0f3d2221509b7582e97c532e6ee12d6
external-resources/jrmf/Meeple-Town-Instructions-Spanish.pdf	Optional downloaded mathematics reference input	322527	984ae0d17e42269442423c41175681ce6873e78c7463b5f760e638a8de0175e0
external-resources/jrmf/Mosaics-Activity-Guide.pdf	Optional downloaded mathematics reference input	2719873	0500548e89130334e56308215e024947a101e25bc08202e223fc7c2cfa9f97de
external-resources/jrmf/Mosaics-Beginner-Version-Activity-Guide.pdf	Optional downloaded mathematics reference input	2798965	deed69c92f666be185f3ba4ba82760974026a42ecbc177d1a0320323abf46395
external-resources/jrmf/Mosaics-Instructions-Spanish.pdf	Optional downloaded mathematics reference input	443026	af9ae27a4a04dfc71702122acaad64affbe321592b1c6c7468645ea139ccf5b2
external-resources/jrmf/Not-So-Close-Activity-Guide.pdf	Optional downloaded mathematics reference input	2351671	8b4d5cd6605fa2ae33dad9172fa0e6d32d97b1d79a9496e24a7af3a08df5f837
external-resources/jrmf/Palindrome-Swap-Festival-Guide.pdf	Optional downloaded mathematics reference input	2611263	960d56738695fd79075eff74ea70ab145d219ce231b553d625ef86eb231fb008
external-resources/jrmf/Penguin-Island.pdf	Optional downloaded mathematics reference input	1291063	4b44989cca3e52386be89a14f906308cb169ad88a0c5c1df22a45cf88555fa10
external-resources/jrmf/Pentominoes-Activity-Guide.pdf	Optional downloaded mathematics reference input	2835931	1c4c698f5deff26fd3a1349fc960d66abe3966aafabcc7772592546d8603b47d
external-resources/jrmf/Pentominoes-Beginner-Version-Activity-Guide.pdf	Optional downloaded mathematics reference input	2631914	0dca695e890ef9d08ae98dd7d544226f5af0c92b95f2fe95ba89b6dc7df4d3e6
external-resources/jrmf/Pentominoes-Instructions-and-Tasks-Spanish.pdf	Optional downloaded mathematics reference input	625585	e788a0e5a6cb3aebf04906c934944014707ebc91f749ba0247860a3370abddf2
external-resources/jrmf/Poly-Puzzles-Activity-Guide.pdf	Optional downloaded mathematics reference input	3545177	1a9ab8b062ff899508230ade554c6f589a8e711bf01de2a9eaee12082117ceee
external-resources/jrmf/Poly-Puzzles-Instructions-Spanish.pdf	Optional downloaded mathematics reference input	291861	d6d11bf6347014070f798bec9f6b8d298a029a949e8690d11f58fa9d1db28d05
external-resources/jrmf/Rainbow-City-Activity-Guide.pdf	Optional downloaded mathematics reference input	4273230	26ecaae006e73d91b707a7c16bd57d4b899f093f90cda1e6d56c835bef84d4c5
external-resources/jrmf/Rectangles-Activity-Guide.pdf	Optional downloaded mathematics reference input	3179282	38e006fb8c6080586783dec786b40e4654dde119e7d5f13df544810fec54976f
external-resources/jrmf/River-Crossings-Festival-Guide.pdf	Optional downloaded mathematics reference input	2259103	50f344a26a4b55c376a149aebac294ce1a32e743719526617c3fab696318511a
external-resources/jrmf/River-Crossings-Teaching-Guide.pdf	Optional downloaded mathematics reference input	1159989	7d3dcb4a77e3912bb8604bda37b2d7e8599807a8c014d1460514214187414e92
external-resources/jrmf/Rooks-Move-Activity-Guide.pdf	Optional downloaded mathematics reference input	2555017	34cb077b2f68e269f133419e7161dad1bfa5d44bbd91e0996198324a87575ae7
external-resources/jrmf/Rooks-Move-Instructions-Spanish.pdf	Optional downloaded mathematics reference input	1572062	6726d669268e4f3e93906641176b0c7e2233989e5ca16fb1eb9cf5217f87e422
external-resources/jrmf/Rubiks-Riddles-Festival-Guide.pdf	Optional downloaded mathematics reference input	1994106	aefa71ca5d50d88a119644991bcbcf3a65ffa81a6a6c693edc49df0473e48779
external-resources/jrmf/Shape-Mazes-Activity-Guide.pdf	Optional downloaded mathematics reference input	2008462	4e4b8bbe17d9471a1b6412aaa549f4af2112cf02daac999f58dcaf894ddb8031
external-resources/jrmf/Skyscrapers-Activity-Guide.pdf	Optional downloaded mathematics reference input	2612121	648f9aa13cf72a39626f7fce8d1af87a34d3bb0c49a4ff6e7d056d9fac6843f2
external-resources/jrmf/Skyscrapers-Instructions-and-Tasks-Spanish.pdf	Optional downloaded mathematics reference input	1391628	c87763e145211782c838430bf2928c5341964da374355ee228bbf659951caf39
external-resources/jrmf/Skyscrapers-Teaching-Guide.pdf	Optional downloaded mathematics reference input	3588647	272285494a443981132c3261344295ab957c75e8cef8e1c27d2b17249540d81e
external-resources/jrmf/Sprigs-Festival-Guide.pdf	Optional downloaded mathematics reference input	2080591	0ffa777a2a8700fb2cb960d776950439a164109c4e3c06da658a4dadc63cf5ea
external-resources/jrmf/Sprigs-Teaching-Guide.pdf	Optional downloaded mathematics reference input	1464969	a6808e36daeeb3f704bb57aac2fbfe4d52fc87dd369a083f1afc3255aaa3f717
external-resources/jrmf/Star-Battle-Activity-Guide.pdf	Optional downloaded mathematics reference input	3783009	607c135805af922bf2493954a5369c40faf35e31479f257e711d6933869955ec
external-resources/jrmf/Star-Battle-Beginner-Version-Activity-Guide.pdf	Optional downloaded mathematics reference input	2693201	f3ebb417e5fc873a7e58828e8ad78df28dedca2ec0828abfc796448f4c8241dc
external-resources/jrmf/Star-Battle-Instructions-and-Tasks-Spanish.pdf	Optional downloaded mathematics reference input	1782126	f1a47bb4d7963c10d2bde4595cb7e5307682e75cf52ebebefe9abaf735ee20b8
external-resources/jrmf/Stepping-Stones-Festival-Guide.pdf	Optional downloaded mathematics reference input	2579953	69acf1d9618bf062bacc341b61fc8816a4ba621a3edf32ff2e467196b09464a5
external-resources/jrmf/Tile-with-Style-Activity-Guide.pdf	Optional downloaded mathematics reference input	3113535	0baaaf5669ec01b8674ec75eb3fbbfa24c2723b9b23bb3393e85a2b857cbe055
external-resources/jrmf/Tile-with-Style-Instructions-and-Tasks-Spanish.pdf	Optional downloaded mathematics reference input	552210	2eee5319cc3a278ff13cb87dfeb1a59a9653c525ad591f211ca30b6b61e1d405
external-resources/jrmf/Toothpick-Triangles-Activity-Guide.pdf	Optional downloaded mathematics reference input	1786677	bdf7d32c1a7d8fd17f654cfe4edd5c569ee78c20a2a054d750b7f0cfe274eb76
external-resources/jrmf/Wolves-and-Sheep-Activity-Guide.pdf	Optional downloaded mathematics reference input	6041855	3e304a1b394f7b16f73fb11ab01f4263d576f6013f5f4433bbd3d9a95d239f5a
external-resources/jrmf/Wolves-and-Sheep-Spanish.pdf	Optional downloaded mathematics reference input	1781306	cb6fef9265100316a45d6750c36299111718e48940adbb8c669b978ce895ffda
external-resources/jrmf/Yin-Yang-Activity-Guide.pdf	Optional downloaded mathematics reference input	3710323	1232cffcf6a03de63c54e286c5b160e693daacff89c9ca1ee57948cea7399a06
external-resources/math-atlas/MSC_2020.csv	Optional downloaded mathematics reference input	797211	f7c889354c202551fe01f89bad2ae95ccadec4c57ac1f6f9de38bbd658d3c78c
external-resources/mathforlove/HinduAnswers1.pdf	Optional downloaded mathematics reference input	1538379	63153163b6e35c9db4efeb648c5cfb186cc7f4eec2f76aef20a056a42bb96510
external-resources/mathforlove/HinduAnswers10.pdf	Optional downloaded mathematics reference input	132446	0de902fc48485f36b6903d0ec02fa0038ef43352b5c1f951142d2c6827f7c8a4
external-resources/mathforlove/HinduAnswers11.pdf	Optional downloaded mathematics reference input	145145	20cda724672ef900ec2dd30327b7b9d9731f43724959331b82bf86c43ec8e7d6
external-resources/mathforlove/HinduAnswers12.pdf	Optional downloaded mathematics reference input	965446	2e58f1ede3d1fa32912f9b095e097fa41aafbf88d59375afe5fc953eba3e3c89
external-resources/mathforlove/HinduAnswers13.pdf	Optional downloaded mathematics reference input	1935390	52cdfd67cb4b75281477c8acc5b1067e4272003129317698da32ebdb4ddd6a93
external-resources/mathforlove/HinduAnswers14.pdf	Optional downloaded mathematics reference input	132010	c7cc4afcf0ed35de98131da365e8a0bd5f72ebd81cb6efa7a95f7dc259cf7b3f
external-resources/mathforlove/HinduAnswers16.pdf	Optional downloaded mathematics reference input	134291	109b317fc5fde195c1a18056f3e9a8138d8e0487ca4dc1e12f4e5972e2b45bdc
external-resources/mathforlove/HinduAnswers17.pdf	Optional downloaded mathematics reference input	151025	91ea16bd7694a58108989c47c7b08ab4ad3ee5b65e0358cd8eb55a360fd2b6b0
external-resources/mathforlove/HinduAnswers2.pdf	Optional downloaded mathematics reference input	1475631	a8a75391b2de58410e05535c70d02f8e2c5cd89551facc83f94d4a869760a6ba
external-resources/mathforlove/HinduAnswers3.pdf	Optional downloaded mathematics reference input	1063637	2862bf87f02995788c644ee0bc417f8e5c567f4f43ceef5025eed7e61e02f590
external-resources/mathforlove/HinduAnswers4.pdf	Optional downloaded mathematics reference input	1144244	162d113e37525747cd0509c66883f9bb2b4e010aa0f3e903bf9f1718e28725be
external-resources/mathforlove/HinduAnswers5.pdf	Optional downloaded mathematics reference input	1082621	e24502bcce6664bd86982928475f84d4be4128a361f953340a6a391e5caf0a6d
external-resources/mathforlove/HinduAnswers6.pdf	Optional downloaded mathematics reference input	152567	ddeef0a497d71e2c73ec6a6c3c4f5b8f129b6d29cd7acd6291779a08082c5ed0
external-resources/mathforlove/HinduAnswers7.pdf	Optional downloaded mathematics reference input	179316	83894a68ac5ac4e846a0b75a0d0496aff7a43cf2658d6fa8241aaae5e405df51
external-resources/mathforlove/HinduAnswers8.pdf	Optional downloaded mathematics reference input	182870	1ea6d741b9e3a7b18568aea418fa761fde19edcf23944e6677240598435581b8
external-resources/mathforlove/HinduAnswers9.pdf	Optional downloaded mathematics reference input	1346235	22853c356d4d8aa22a9d86be3a4dc3823a0eeb2dc827ea36e9e85dc63be27fb7
external-resources/mathforlove/HinduPuzzle1.pdf	Optional downloaded mathematics reference input	1622236	e467cc7870122be94f164a03a1e3bc32987cdeb5757fb5abcfc073d668a2ce24
external-resources/mathforlove/HinduPuzzle10-partition-puzzles.pdf	Optional downloaded mathematics reference input	4641256	1bafdf85359156cb29031be0973b80e4b0aab532e7bf8eef5d954478c387dc49
external-resources/mathforlove/HinduPuzzle11.pdf	Optional downloaded mathematics reference input	136439	93a222ccb9bb6fdfdfa1acabe6db871e74f2162cb39371887dc25a58c93bb498
external-resources/mathforlove/HinduPuzzle12.pdf	Optional downloaded mathematics reference input	958366	1f023f329e687f2dab7d4905770fd13f2e7973ac5808b872ff2a138fc9c74526
external-resources/mathforlove/HinduPuzzle13.pdf	Optional downloaded mathematics reference input	119563	411061b6dd0fe27d03152afb2b7f63f2b083ffe334cc9978d141f265aa8e165a
external-resources/mathforlove/HinduPuzzle14.pdf	Optional downloaded mathematics reference input	120649	cea2afbcbb73f45924228f241718d394ca3799fee0fcda700a331866f8c9f056
external-resources/mathforlove/HinduPuzzle17.pdf	Optional downloaded mathematics reference input	136347	25407e2c0ce0aa4a2d8377b8a6f1d5e5516571e8b51d3b7ee3f7c87c5b4a6b57
external-resources/mathforlove/HinduPuzzle18.pdf	Optional downloaded mathematics reference input	184559	f2132b4e9b88828d44be145d45d042bff4c013e965df25ef7be1e3f5a954a4df
external-resources/mathforlove/HinduPuzzle2.pdf	Optional downloaded mathematics reference input	1583553	423fb00ada2f3e93144db486f8aebc36b7e3f4460705e102eac90b190bae221d
external-resources/mathforlove/HinduPuzzle3.pdf	Optional downloaded mathematics reference input	1180037	ba9c9a48988b69325f37e9d41b6faf5b770c652a10b889a277163fbd7dd49685
external-resources/mathforlove/HinduPuzzle4.pdf	Optional downloaded mathematics reference input	1273499	84f24dcc5caea7e5dcdef2fc926c9fb8593bd99fc773e1b5ab0e98e013dc4451
external-resources/mathforlove/HinduPuzzle5.pdf	Optional downloaded mathematics reference input	1294752	ff313619533078775814d7fde2cd34dff2bac6764fbf8cc9bef8613b75ba77e6
external-resources/mathforlove/HinduPuzzle6.pdf	Optional downloaded mathematics reference input	178991	03d137cbafa9acf8ee97530940764d0a2e3b6608ad75c35e8b14e72d6b474dd4
external-resources/mathforlove/HinduPuzzle7.pdf	Optional downloaded mathematics reference input	199043	06927324b6a0911f79241e2826eeb24a1e0d046090bd95b6d547006f5264c429
external-resources/mathforlove/HinduPuzzle8.pdf	Optional downloaded mathematics reference input	187069	999033fa990cfdab1ccc9e3f7dff763cc737ac3e8f0edc6f6cc5e4ebf56a6ee5
external-resources/mathforlove/HinduPuzzle9.pdf	Optional downloaded mathematics reference input	1062564	354df28d801bbf5bec3548e60bb375ccced2aab4edbf22e1017ed3b77a4ffa9a
external-resources/mathforlove/Hinduanswers15.pdf	Optional downloaded mathematics reference input	93299	2bda5317391c25b9aacf54850474be7b20d2588fb1932b7407a9f1a0032a334c
external-resources/mathforlove/Hindupuzzle15.pdf	Optional downloaded mathematics reference input	118418	21ebbc5520223112e66e4dd42e2224d50eecb6aefd6925167e5aab4907a91b80
external-resources/mathforlove/Hindupuzzle16.pdf	Optional downloaded mathematics reference input	120049	5cf1067ce71f5648f042ac85049a10d464aaca929bb1d38919ffe250beaf0273
external-resources/mathforlove/Pilgrim's Puzzle for Maths Pathway 2018.pdf	Optional downloaded mathematics reference input	1475652	df9439c11743d66f59270be97407c0d63313cabf0387d2c9092a0c6d3fc156b0
external-resources/mathforlove/The Math for Love Remote Curriculum.pdf	Optional downloaded mathematics reference input	1767518	d58c33c7a472cb9d39fab450a7add016bb5eb3a1f83fd94dba067df7e1b7451a
external-resources/msri-math-circle-books/A decade of the Berkeley Math Circle.pdf	Optional downloaded mathematics reference input	22516525	492738f88b85870e785486f53baa150cdd31d931b42d24e51f0c9ff774028eae
external-resources/msri-math-circle-books/Math Circle by the Bay.pdf	Optional downloaded mathematics reference input	29017179	84e0277cd94b1e501d153834b7123a72958f8c01b806e7bdfcca012a3191e427
external-resources/msri-math-circle-books/Math Circles for Elementary School Students.epub	Optional downloaded mathematics reference input	18710146	ab93adb1a4792559fadd65f9e3e0a94367cfe421548b39768b56d342fb3d9543
external-resources/new-themes-52-63/week52-53/cs-unplugged-muddy-city-activity-9-2005.pdf	Optional downloaded mathematics reference input	123279	efc60cb2903a923995dc624f71fc344a11a2ac1f0d1f7f8732e34b8e371aea81
external-resources/new-themes-52-63/week52-53/grasegger-legersky-bracing-parallelograms-2020.pdf	Optional downloaded mathematics reference input	308058	2b57a929c9b7f38fccd5d99aef462a9f8c6ce62764fe9ece81234fe48de461a7
external-resources/new-themes-52-63/week52-53/princeton-algorithms-43mst.html	Optional downloaded mathematics reference input	30000	a1be6c5bc084b93a8ac26b9eda573a4d3477f5c1e58f3dcc86d443fa83f186e5
external-resources/new-themes-52-63/week54-55/berkeley-2006-2007.html	Optional downloaded mathematics reference input	21842	35a0b5ede88bd6ed216ed515a39ac97067c7346e830697c2d57ef66577abc5c3
external-resources/new-themes-52-63/week54-55/berkeley-2011-2012.html	Optional downloaded mathematics reference input	43061	5f1475f85a3823aaffedc46173e56bd4253c40e48590d7a47d82f0fee13814a6
external-resources/new-themes-52-63/week54-55/berkeley-2015-2016.html	Optional downloaded mathematics reference input	52765	4d0bde074ba8f5dac30c2160c2d67bc3f72b28182eab17495b4ea2cedd0b0047
external-resources/new-themes-52-63/week54-55/berkeley-2018-2019.html	Optional downloaded mathematics reference input	150158	fbf03ceddc6b2e119dc8429920c5c2a8839268d4bf5442e9046717aca0f4c8d3
external-resources/new-themes-52-63/week54-55/berkeley-2020-2021.html	Optional downloaded mathematics reference input	159621	2f8ab50cfa4bc6786b28a01e2636e8fa00a88148f10d1da1ccca9ab927f60fb3
external-resources/new-themes-52-63/week54-55/berkeley-2021-2022.html	Optional downloaded mathematics reference input	155712	934f22d87a5726dddd19af5f02363b63b3c918ccbc3c5f470095cad47759878b
external-resources/new-themes-52-63/week54-55/berkeley-2022-2023.html	Optional downloaded mathematics reference input	163328	eee47d0aa70e7e8acecbf7500cfc9e708ca8e039c1bbe265affea2dcb74b3b1e
external-resources/new-themes-52-63/week54-55/berkeley-2023-2024.html	Optional downloaded mathematics reference input	155047	f71c960c3a73cf684f13b1646bd3e3847d6ce722759265314c736d32d2886f33
external-resources/new-themes-52-63/week54-55/berkeley-2024-2025.html	Optional downloaded mathematics reference input	161228	fc54bbdedba37dc2bb689a3f32f2853a0c61bdfef603645627f660905a8a2e03
external-resources/new-themes-52-63/week54-55/berkeley-archives.html	Optional downloaded mathematics reference input	15778	4fe17971e7a7217b77c3160f84748b7289c60c1dc618f84a95de34ace5177766
external-resources/new-themes-52-63/week54-55/berkeley-home.html	Optional downloaded mathematics reference input	41536	54f32e00bb906864e262157b07759b5493d0da574356c44e63aebc0c67fb6826
external-resources/new-themes-52-63/week54-55/koroteev-partitions-chapter-2020.pdf	Optional downloaded mathematics reference input	4914488	de3d4e0a8f783fc425b80c8412ba70de73bcdf498e6de88478a7d2fbd22041f3
external-resources/new-themes-52-63/week54-55/tao-additive-author-page.html	Optional downloaded mathematics reference input	85208	e320fa1723d78a0968d770085959bcca0240b1739c47e0d508d9ab712b9f0b46
external-resources/new-themes-52-63/week54-55/tao-additive-book.html	Optional downloaded mathematics reference input	820403	5b665804ac313048965f5a144979590bd4093f18dd19019f585521d66b11628e
external-resources/new-themes-52-63/week54-55/tao-additive-sample.dvi	Optional downloaded mathematics reference input	699588	2bb483b35f9297e21bc07ddeb492751c763b3e27d2a1283a1e0de10e1b737be5
external-resources/new-themes-52-63/week54-55/tao-ap-search.html	Optional downloaded mathematics reference input	69820	77982c3d4202d7dec80a32bada0fe41f86c4f36a44f6e6ac3795e8693ba3491a
external-resources/new-themes-52-63/week54-55/tao-books.html	Optional downloaded mathematics reference input	253096	8f9d88781c104710f3559bf5b89f78ad346c4ae900989b687fe0991c018aeb2c
external-resources/new-themes-52-63/week54-55/tao-search-inverse.html	Optional downloaded mathematics reference input	68559	af4fb303dde931ba4b2f7d5fbde27529cfb1448fc18da9a187a3c0cbda715d5b
external-resources/new-themes-52-63/week54-55/tao-search-sumsets.html	Optional downloaded mathematics reference input	67947	21a1300b67207b6575aa655327ef9d2479e74ad47f48512016884e3ea95be4ec
external-resources/new-themes-52-63/week54-55/tao-small-doubling-search.html	Optional downloaded mathematics reference input	67554	a50885b5a22f8a2cf5a0f16f67c5203f96637b2580cc65e0d33061e61144b729
external-resources/new-themes-52-63/week54-55/tao-sumset-entropy-2009.html	Optional downloaded mathematics reference input	236335	76a6c74321821b9d3b9252eeb959d591e45a9f4841c2152f4e506263910c33f3
external-resources/new-themes-52-63/week54-55/tao-sumsets-page2.html	Optional downloaded mathematics reference input	54136	d8c833086e80eb851aa960e0307fa60ae49edaa02a6a78be9597dc3c12e56d7f
external-resources/new-themes-52-63/week54-55/wilson-egolf-counting-partitions-2018.pdf	Optional downloaded mathematics reference input	43323	81c593e9a72566f1d4d3d56f9eddeea6288feac8ad1b138c44a2c9f7f14b2015
external-resources/new-themes-52-63/week56-57/banchoff-search-regular-polyhedra.html	Optional downloaded mathematics reference input	6755	19a7e3956071192fe78c96ff351b4538ad24f4c9202c938d23bda7783f033ab7
external-resources/new-themes-52-63/week56-57/crane-discrete-differential-geometry.pdf	Optional downloaded mathematics reference input	3819969	f1432b17ef269500a2d69a2c2b93ac644cf7223ca9c736258a3676867fa01f8d
external-resources/new-themes-52-63/week56-57/nrich-eulers-formula.html	Optional downloaded mathematics reference input	65954	2793f2459719c8a91804fc73b63fb200b1d25d7e4c8b63215b00bbdf2a0a3050
external-resources/new-themes-52-63/week56-57/nrich-picks-theorem.html	Optional downloaded mathematics reference input	74001	8c37f4469f1cfabf797519ac1186b5b1a2d5711836eb073b6ba58b0b0fa3c16c
external-resources/new-themes-52-63/week56-57/nrich-proof-picks-theorem.html	Optional downloaded mathematics reference input	65061	7100d0d1150975fa83ba2190b15b85cf09aea2bcc004e72b1288827471a5d0ba
external-resources/new-themes-52-63/week58-59/hmc-reuleaux-wheel.html	Optional downloaded mathematics reference input	70222	73377e0bf403891233472f7ca7b96947787e441c73bda5c87943a845ab7e3ab0
external-resources/new-themes-52-63/week58-59/mathcircles-fairdivision-search.json	Optional downloaded mathematics reference input	404	6e4df7c89d9ed996bcc24c53114f13502b26e6b9f3cf8df7c61d6e389aaba076
external-resources/new-themes-52-63/week58-59/procaccia-cakechapter.pdf	Optional downloaded mathematics reference input	377477	444af7cc609048711820613d6f24f14d99db6f9c2a6bfdfb49ff37cb09fa1205
external-resources/new-themes-52-63/week58-59/think-maths-constructing-constant-width.pdf	Optional downloaded mathematics reference input	480657	34351278fa35c5f3388799e2cea218e90ae7780a5a003dc20709240e78e87688
external-resources/new-themes-52-63/week58-59/think-maths-resource-page.html	Optional downloaded mathematics reference input	21042	aa04b3bc7f9e6ba925ae5c20d9666ce171d8bdd97a6a52e57f9deb1954a3ebf3
external-resources/new-themes-52-63/week58-59/think-maths-shapes-constant-width.pdf	Optional downloaded mathematics reference input	43716	3929e759a13781a65a7414693d7f7c1839d129a43370d073b43eefca50578b53
external-resources/new-themes-52-63/week58-59/think-maths-shapes-to-cut-out.pdf	Optional downloaded mathematics reference input	25245	b60781b37e27846c7607a97d0cc1fe9940cd826319bfde76d4faffce18ea7316
external-resources/new-themes-52-63/week58-59/think-maths-triangles-construction.pdf	Optional downloaded mathematics reference input	30683	13630072df5068449f6507a6ea0e2cb52523918e0576865016541b23f1ba9341
external-resources/new-themes-52-63/week60-61/ferguson-finite-horizon-sr2.pdf	Optional downloaded mathematics reference input	164322	4d808293844c1686f8b4f1e7aa3a97ad93e67b6c74fec919c16bc7a27d2c8796
external-resources/new-themes-52-63/week60-61/petrunin-zamora-differential-geometry-v7.pdf	Optional downloaded mathematics reference input	7527699	f7adbf815d64be66c474902d0e4cb639dae96216aacc794dd85cd2ed3df29a31
external-resources/new-themes-52-63/week62-63/cmu-frieze-D14-derangements.pdf	Optional downloaded mathematics reference input	90517	146c8537b36b8e8bf1b2203509a1e041ee993b333eae679098fcb503182e98e1
external-resources/new-themes-52-63/week62-63/cmu-frieze-D16-inclusion-exclusion.pdf	Optional downloaded mathematics reference input	119610	7569463fccd94c2648c3cbe62ddeeacb20ff90b1abfc556ae12abaefea02f304
external-resources/new-themes-52-63/week62-63/cmu-frieze-D18-bipartite.pdf	Optional downloaded mathematics reference input	127354	2f5777744f51a55b181923fc302f0862a6b9cdf94817aa2b32e3c0dce1ea90d3
external-resources/new-themes-52-63/week62-63/mit-18310-some-graph-theory-2007.html	Optional downloaded mathematics reference input	47414	d98f0863034227488327aa4d480254da3a1c40037d317c712e39aa195ec19bab
external-resources/new-themes-52-63/week62-63/mit-18315-lec04-greedy-coloring.pdf	Optional downloaded mathematics reference input	65836	751ef4c54e54b3044a097fc3307af7cb556807594b72b23cfdabeb7b861e27b7
external-resources/new-themes-52-63/week62-63/mit-18315-lec09-chromatic-polynomial.pdf	Optional downloaded mathematics reference input	39043	f145e6b4f912009f1d17fe43c533c58ae14b552bf77aa55be223f5423d416402
external-resources/new-themes-52-63/week62-63/mit-6042-mathematics-for-computer-science-2018.pdf	Optional downloaded mathematics reference input	13269308	ea4ced500d4a4bae7beb7a72ae9784abb96ed656ad905976f54c828cf6337dc1
external-resources/nytimes/A Coin Problem - The New York Times.pdf	Optional downloaded mathematics reference input	217087	14c62eb89fc4a68903c70a4d4047b58322e98ca6e82bc43dc810f5b16dfb554a
external-resources/nytimes/America! - The New York Times.pdf	Optional downloaded mathematics reference input	124676	e8139ef0adf25324eb93daafff3bbf0d1e218327b2cb5044cfd7cda1206e0527
external-resources/nytimes/Can You Crack the 24 Puzzle, and the 10 Puzzle That Went Viral in Japan_ - The New York Times.pdf	Optional downloaded mathematics reference input	208487	201c4d654c7fee52f63857d7cdaa83e7b872df997c76f6ec86014c52894342ec
external-resources/nytimes/Daniel Finkel and the Balance Problem - The New York Times.pdf	Optional downloaded mathematics reference input	168306	82d9d2e5366f37ac24c8c1e11190da6a3a302fe78ee0e2db7db3845fd2d702c9
external-resources/nytimes/Daniel Finkel_s Broken Calculator - The New York Times.pdf	Optional downloaded mathematics reference input	191002	e4fb2a2697a36ab8e7242399d32de023d6f88921dfd4298ab406cea9e8bd6e5b
external-resources/nytimes/Daniel Finkel_s Circle-Toss Game - The New York Times.pdf	Optional downloaded mathematics reference input	166986	c4a328a51684c7848048d0a877db9028c131e95fa36ebc39e7e920f736430f5e
external-resources/nytimes/Daniel Finkel_s Flying Squirrel-Frog - The New York Times.pdf	Optional downloaded mathematics reference input	185408	f47778f4ac47fe772d04eec81399024af1b23a28922d55cdf6d32b3477d548bd
external-resources/nytimes/Daniel Finkel_s Perfect Hopscotch Loops - The New York Times.pdf	Optional downloaded mathematics reference input	172202	092c3f68b086233a38698ee8fa6781845dbafea33de5d77991f3cef3ce031f9e
external-resources/nytimes/Daniel Finkel_s Pilgrim_s Puzzle - The New York Times.pdf	Optional downloaded mathematics reference input	220856	1cf504ba1f576a97cf123a52f575007fc9ce563209db6c631cb3b327e777947b
external-resources/nytimes/Daniel Finkel_s Stained Glass Window Problem - The New York Times.pdf	Optional downloaded mathematics reference input	170665	2f3a12b5d1daec80b5cfeca12ee38f5099bd55bd09cbb20f67528e562a9b673b
external-resources/nytimes/Math for Love_ The Angle Maze - The New York Times.pdf	Optional downloaded mathematics reference input	258917	f50d9dca66b19d033be195af3ef709b766f8e6230bb762abd2f474fa01ed6bd2
external-resources/nytimes/Math for Love_s Primo Puzzle - The New York Times.pdf	Optional downloaded mathematics reference input	209250	e777caf8b69bb1b6a2de871d74748994897f81b51037fe92ea0d98fbb55e8475
external-resources/nytimes/Numberplay_ Avoiding Attack - The New York Times.pdf	Optional downloaded mathematics reference input	169969	8e877e670f107eb15c840b6cf4ef80437ced62dd91eeede0b1fd4559cf538d19
external-resources/nytimes/Numberplay_ Don_t Make a Triangle, Part 1 - The New York Times.pdf	Optional downloaded mathematics reference input	148147	121e69ead495539379dc1688cf90b98124793df20bdf4bb219b10cffbd6e5d62
external-resources/nytimes/Numberplay_ Don_t Make a Triangle, Part 2 - The New York Times.pdf	Optional downloaded mathematics reference input	174206	ea2aa7cbe0185e2dc457eec4982def41f820af4a6233736a31be7126eac14462
external-resources/nytimes/Numberplay_ Let_s Play 1-2 Nim - The New York Times.pdf	Optional downloaded mathematics reference input	156356	30ec6ef0748a47790b271bf0f600f042fca23350d02a3015eedb518ee5b068b8
external-resources/nytimes/Numberplay_ The Non-Euclidean Geometry of Whales - The New York Times.pdf	Optional downloaded mathematics reference input	213452	dd12429873b25a9702eb5ad196915c5e05c51ef1ead5f2b97956ca980e1005d8
external-resources/nytimes/Numberplay_ The Squareable Puzzle - The New York Times.pdf	Optional downloaded mathematics reference input	180671	c9b6959b161dcbba2b6b627189c0e6fb0fc0848a475338edc34e464e1b53f4a3
external-resources/nytimes/Numberplay_ What Color Was the Bear_ - The New York Times.pdf	Optional downloaded mathematics reference input	119832	b601242c54fcbd6af4ff3719cd6a57ae824e67a5e60fc9599f451f03884f881a
external-resources/nytimes/Spice Up the Season With a Revamped Classic_ Battle Dreidels - The New York Times.pdf	Optional downloaded mathematics reference input	198759	8115764051e1ccd5591c71cfb70bff7374a7febc5f26fccdd189f8b35180d6fa
external-resources/nytimes/The Average Puzzle - The New York Times.pdf	Optional downloaded mathematics reference input	135860	5249c7ee8e86538234a5429b5d55e707afdd423ff8efcc927e5d464918b53a38
external-resources/nytimes/The Polka Dot Puzzle - The New York Times.pdf	Optional downloaded mathematics reference input	130070	9368a848466994a7a627dba22e5d1c7c9ec365766589ff1c9cf71e6f937a5b16
external-resources/nytimes/The Rearrangement Puzzle - The New York Times.pdf	Optional downloaded mathematics reference input	161756	59a27c15568ce601da548b0a59742207258c179b43d3c9b82814ad3f8a38143a
external-resources/nytimes/The Switch - The New York Times.pdf	Optional downloaded mathematics reference input	157262	930a81413478324091a59218cf55b351f42423c31d0d1fe7f224e925e71afcdd
external-resources/nytimes/The Tax Collector - The New York Times.pdf	Optional downloaded mathematics reference input	224570	26d50c7f2d3cd6f34d6a84563490147e77791e150274c8db6635969415154024
external-resources/uw-math-olympiad/2010/Grade6_7.pdf	Optional downloaded mathematics reference input	70456	4aa898deccfbeefc3920fe406d4636cab4a5d2e11a576dfdf0855705e4de42ae
external-resources/uw-math-olympiad/2010/Grade6_7_addl.pdf	Optional downloaded mathematics reference input	19802	6b54ddffafb71a14f5b422580ff3df2b983d09bdc5ede43d39ac6fbac7506caf
external-resources/uw-math-olympiad/2010/Grade8_9.pdf	Optional downloaded mathematics reference input	99802	3b22989e365450e674c6addf5cf8891a52a74cff557bf20cc033304cc08560ec
external-resources/uw-math-olympiad/2010/Grade8_9_addl.pdf	Optional downloaded mathematics reference input	27959	cae45d57c98af98e0ee9e0ee6f6019f837a47cde9ace9740d20b33ab1ecbe564
external-resources/uw-math-olympiad/2011/Grade6_7.pdf	Optional downloaded mathematics reference input	339400	9ac9903d0e73e7bf8227853b5401d267d5b350fb5d2c9fd2feb8b9b713a4dce2
external-resources/uw-math-olympiad/2011/Grade6_7_addl.pdf	Optional downloaded mathematics reference input	306365	6b7e31a764dc8bbcff12b81998693bb73842fdd0fa9e1264a98e94baec2d1098
external-resources/uw-math-olympiad/2011/Grade8_9.pdf	Optional downloaded mathematics reference input	427961	870e3bbbae564bbde8f100da2458d64d59f50342202434ae12b47b56de5505bb
external-resources/uw-math-olympiad/2011/Grade8_9_addl.pdf	Optional downloaded mathematics reference input	214126	fda655826375d2f79879db73eb96078f97f24964ea15edd62e07844f2ccbe26b
external-resources/uw-math-olympiad/2012/MHO2012_5-7_1-5.pdf	Optional downloaded mathematics reference input	337373	00d8bb0d76ed95f9c23a9893ec66c64b0cca4115fd17d6f75cffff40606b3bef
external-resources/uw-math-olympiad/2012/MHO2012_5-7_6-7.pdf	Optional downloaded mathematics reference input	349720	d84632c0a32fe8a79b17c9708b8875ebe43a1cf745063034083c4c60be0cb1a3
external-resources/uw-math-olympiad/2012/MHO2012_8-10_1-5.pdf	Optional downloaded mathematics reference input	453571	7f728c1c84ffda0c20afd22a236686e10b0689b656cd09f1ec1fdbcf7d0c213b
external-resources/uw-math-olympiad/2012/MHO2012_8-10_6-7.pdf	Optional downloaded mathematics reference input	407549	757ee1bf01bf67ba3c39dd76599454bdc1a57e0d743b5b112848cd3c1979f75b
external-resources/uw-math-olympiad/2013/13adv57.pdf	Optional downloaded mathematics reference input	417552	ce686c16984e318e39a141a5b4fb2855bdf8bf2e323b942f519e331d2488885a
external-resources/uw-math-olympiad/2013/13adv810.pdf	Optional downloaded mathematics reference input	408717	b593e82849419541ac5d9f0be5b43871d3b79ac3a07d6efa1e674f1dfc8081ee
external-resources/uw-math-olympiad/2013/13set57.pdf	Optional downloaded mathematics reference input	686354	502c90998a19d3edd64e897328e794e00317f888c5b28401fa99621081656821
external-resources/uw-math-olympiad/2013/13set810.pdf	Optional downloaded mathematics reference input	604053	739f282909fc528d4703e8d9543eb013906da776c8c22c088affcffa5f277e51
external-resources/uw-math-olympiad/2014/14adv57.pdf	Optional downloaded mathematics reference input	289541	5a508b4f181668d9dd7cd77178533ac9bb119b9b34d04586f059ea75f9ba60d5
external-resources/uw-math-olympiad/2014/14adv810.pdf	Optional downloaded mathematics reference input	383484	1e49f1f4a55caa2709ad06936c376147c0a230fd02f6eed694edede5786ce19c
external-resources/uw-math-olympiad/2014/14set57.pdf	Optional downloaded mathematics reference input	351269	d0b8c9747bcd488d26b76155de338632a82a002654651941c18370a0695797f0
external-resources/uw-math-olympiad/2014/14set810.pdf	Optional downloaded mathematics reference input	419244	e11d8eef4791a288f17bb85fef3ed5483d58f25880c5a2ba1a7712fdda658fb7
external-resources/uw-math-olympiad/2015/15adv57.pdf	Optional downloaded mathematics reference input	320057	38aeb1a55fedf9d06b4d2f709f04f4a2314655213194d866272d4cf6ba48cd6a
external-resources/uw-math-olympiad/2015/15adv810.pdf	Optional downloaded mathematics reference input	361013	03876cccec2d073a07c86a6b48f2717ec28835a052705ffd724af01d7b37e36a
external-resources/uw-math-olympiad/2015/15set57.pdf	Optional downloaded mathematics reference input	522810	5b37b160aa99675ff095f479b1092b06583b020f04b874cc7d80d7df9589c44e
external-resources/uw-math-olympiad/2015/15set810.pdf	Optional downloaded mathematics reference input	420478	b0075a8755b05f2900d85c60a6356d01a52f14b3c5ad764d9b3e2e6681302682
external-resources/uw-math-olympiad/2016/16add67.pdf	Optional downloaded mathematics reference input	284341	f6a21eef100c9ffd0f38c9f96c74658de1d2466b55ebf50b005be5d75656de73
external-resources/uw-math-olympiad/2016/16add810.pdf	Optional downloaded mathematics reference input	293253	31b9e089537ac6cb65ecd99b33743ab4fe2402ce877891828ef1cb16b8c0ccbd
external-resources/uw-math-olympiad/2016/16main67.pdf	Optional downloaded mathematics reference input	590037	fcb33586753e076321bf39ec61375b67ce6ff05c23fe0da6c60a540c62944e5c
external-resources/uw-math-olympiad/2016/16main810.pdf	Optional downloaded mathematics reference input	453564	c88ef2bd0817f645764bf9ffddaab97ddcdefef1be39e941cce30346f0d1075d
external-resources/uw-math-olympiad/2017/17add67.pdf	Optional downloaded mathematics reference input	321982	079a362cffa92f5db3fcf86b46006f2b2dd2fd8e7bf9dab12ef514ffb5cbea5c
external-resources/uw-math-olympiad/2017/17add810.pdf	Optional downloaded mathematics reference input	512929	49383b66e1f183291967d8304d92da43f3494c322823d0b42c235fe6e8acd1cd
external-resources/uw-math-olympiad/2017/17main67.pdf	Optional downloaded mathematics reference input	484832	1b00079bddce201062f1826c3fca88caf4b8890ea341ca8e845c9d0aed719b9d
external-resources/uw-math-olympiad/2017/17main810.pdf	Optional downloaded mathematics reference input	446244	61b75cd8185bf2f35711196d1997b54d84931906f2d8c790b870558946cea97f
external-resources/uw-math-olympiad/2018/18add67.pdf	Optional downloaded mathematics reference input	184052	f6861cfa51cabdbdc08ef9f60fe3c7d8a3eae3b91905505e055b22e60a4d1bac
external-resources/uw-math-olympiad/2018/18add810.pdf	Optional downloaded mathematics reference input	222362	da6281534e71b769ba0df55f3e443ab3fdca5e74cbb6d5c724758b8ec97badc3
external-resources/uw-math-olympiad/2018/18main67.pdf	Optional downloaded mathematics reference input	227620	3cf042f65c721b8b04f0c89ab8342cb1c21f46a33747525384604d1d0317c1d2
external-resources/uw-math-olympiad/2018/18main810.pdf	Optional downloaded mathematics reference input	208498	6550871f082dc7525347aacd6e651afd6009a2fad29ed2d8408574846e4235bc
external-resources/uw-math-olympiad/2019/19add67.pdf	Optional downloaded mathematics reference input	102213	f20523e8ffb978b8634e031a8386695fcf40ab92618c2126a13502dd7714cbe3
external-resources/uw-math-olympiad/2019/19add810.pdf	Optional downloaded mathematics reference input	642613	fea037b5857f4e502243f4d00864908b99fb05d4d0a659b44706f9c6248fa61a
external-resources/uw-math-olympiad/2019/19main67.pdf	Optional downloaded mathematics reference input	626568	da3aef832c690850bcffa1ba7ca72f7076301a70a4a11d7459b6a40f5e474c41
external-resources/uw-math-olympiad/2019/19main810.pdf	Optional downloaded mathematics reference input	756588	25ecd521a6f801d67ee84a95c77c476afa12a346a01f67948488bb4d14c1766c
external-resources/uw-math-olympiad/2022/22problems.pdf	Optional downloaded mathematics reference input	1919106	9491f24d4dc8a9ba3725d0cda4f127733c511cd5db3ce37fcc1fb1ae8199c93d
external-resources/uw-math-olympiad/2023/23extra67.pdf	Optional downloaded mathematics reference input	146866	cedc86e71bd044f24625c620607511bf289777fd4c0d2cbc2f761366bef4e37f
external-resources/uw-math-olympiad/2023/23extra810.pdf	Optional downloaded mathematics reference input	170690	b16731ba3968005c3565bb97bb2f452f775cfe604403fc4e2dd7fc5f6710b36c
external-resources/uw-math-olympiad/2023/23main67.pdf	Optional downloaded mathematics reference input	1487607	6a68748d2512b0863343fe7bb52e22b113a7e0455c6b2c20e872c44cd6a4e4d2
external-resources/uw-math-olympiad/2023/23main810.pdf	Optional downloaded mathematics reference input	1084712	72e55501eacf86a1b18eb4f38b4d5b654bf0d85acb72a8d87934934956091699
external-resources/uw-math-olympiad/2024/24extra67.pdf	Optional downloaded mathematics reference input	1587250	0d9d31e586d0e52a5caeb006d7ce1c7c5d3557871ea8a9e3481b4ec844301e43
external-resources/uw-math-olympiad/2024/24extra810.pdf	Optional downloaded mathematics reference input	1074217	2ab4a50f80810f7e0600b5561fa6830fcd638d4538b77e9c62c498d0b6df5fdc
external-resources/uw-math-olympiad/2024/24main67.pdf	Optional downloaded mathematics reference input	7115592	e7d60e91c9ada0687172c3eeee698401b0b8e4105e512f7863da309778b1ee4c
external-resources/uw-math-olympiad/2024/24main810.pdf	Optional downloaded mathematics reference input	7623111	60eb21a7dd4d8de9dd1b8e9a84164491d818a437f21dd03f725df304a60cc235
external-resources/uw-math-olympiad/2025/2025-67-extra.pdf	Optional downloaded mathematics reference input	257117	f2b15c2550d7be6b00ad7047443ece812f036b4df4c0a71f35c5d0e0d28a832e
external-resources/uw-math-olympiad/2025/2025-67-main.pdf	Optional downloaded mathematics reference input	1391800	9be7e3b63b08d9aa3932b20f37cf8b003a90202b21e8a3befed34554b5d2a3eb
external-resources/uw-math-olympiad/2025/2025-810-extra.pdf	Optional downloaded mathematics reference input	88229	5f42c1bc8572cbfbbcbbc8dbbadd86b0513eacc3afb8f2b6a733f24a51061f5b
external-resources/uw-math-olympiad/2025/2025-810-main.pdf	Optional downloaded mathematics reference input	3075416	82533d368d697de63a01f273ecc0e5123ace8cfc720f1ea8a7e898730dc14edd
external-resources/uw-math-olympiad/2026/2026-67-extra.pdf	Optional downloaded mathematics reference input	3686295	4d8cae5137b16baa3b719c1081dd5812eefd87cfb7869983a160fcfbba16a73a
external-resources/uw-math-olympiad/2026/2026-67-main.pdf	Optional downloaded mathematics reference input	4483689	b5600caf510c3b9b53f958d7535f4b95e8ec5925cc16038224dff6ef41a2bc84
external-resources/uw-math-olympiad/2026/2026-810-extra.pdf	Optional downloaded mathematics reference input	1411178	2fd66dfa01d15fd340b4b1e570bc84a473b1c588a30aa56b59be71abfad18e20
external-resources/uw-math-olympiad/2026/2026-810-main.pdf	Optional downloaded mathematics reference input	4550652	3848d492634bd4105410d56bbb2b0d1a21a09bf07f853779064b4842af647934
external-resources/weibel-k-book-chapter-II.pdf	Optional downloaded mathematics reference input	974764	529ea8a5853e9fa55279e7ad79047155409b10847bd924b56f708f0950ebc607
