id,title,msc_primary,volume,bridge_type,entry,hard_stop,prep_minutes,status
AD-01,Build a world that defeats a rule,03,algebra-discrete,exact-special-case,"O: distinguish two colors and two shapes, or equivalent tactile labels; spoken rules suffice.",Stop at explicit finite models before discussing arbitrary structures or metatheorems.,10,reviewed plan v1; exact instance checked; not classroom-piloted
AD-02,The list that cannot catch your pattern,03,algebra-discrete,exact-special-case,O: match two colors and locate a marked square in each row.,A participant may finish with the finite guarantee. Do not infer understanding of infinity from success at four rows.,5,reviewed plan v1; exact instance checked; not classroom-piloted
AD-03,The largest collection with no nested sets,05,algebra-discrete,faithful-representation,O: recognize which pictured objects belong to each card; no arithmetic beyond small counts.,Stop at the exact four-object optimum if the general combinatorial proof is not accessible.,15,reviewed plan v1; exact instance checked; not classroom-piloted
AD-04,Send a whole tree in two numbers,05,algebra-discrete,exact-special-case,"O and C: connect four labeled vertices, recognize a leaf as a vertex with one incident edge.",Complete the four-vertex correspondence before general coding proofs; avoid treating a large unverified catalog as proof.,8,reviewed plan v1; exact instance checked; not classroom-piloted
AD-05,How many minimal networks survive?,05,algebra-discrete,exact-special-case,O: join four places with removable strips and trace connections.,A correct combinatorial count is complete mathematics; stop there when determinant prerequisites are absent.,10,reviewed plan v1; exact instance checked; not classroom-piloted
AD-06,When the usual mixing rule breaks,06,algebra-discrete,faithful-representation,O: follow upward comparisons and point to common places above two tiles.,Do not introduce general representation or duality theorems without set-theoretic proof prerequisites.,10,reviewed plan v1; exact instance checked; not classroom-piloted
AD-07,Everything your starting clues force,06,algebra-discrete,exact-special-case,O: place named tokens and follow one visible if-then rule.,Keep rules positive and finite until the fixed-point argument is secure; arbitrary logical consequence is a separate advanced subject.,8,reviewed plan v1; exact instance checked; not classroom-piloted
AD-08,Which numbers may share a name?,08,algebra-discrete,faithful-representation,O and C: use a supplied four-by-four addition table or move on a four-position ring.,Universal-algebra theorems about all algebras remain beyond this finite quotient investigation.,8,reviewed plan v1; exact instance checked; not classroom-piloted
AD-09,"Two clocks, one hidden position",11,algebra-discrete,exact-special-case,O and C: move two counters once for each shared step and recognize paired positions.,Do not require a general Bezout proof for the complete small-cycle result; supply exact restrictions on the hidden time.,10,reviewed plan v1; exact instance checked; not classroom-piloted
AD-10,Square dots that also make a triangle,11,algebra-discrete,exact-special-case,"O and C: build rows of lengths 1,2,3,... and square arrays.",Stop after a verified common arrangement when symbolic equations remove the learner's agency; the Pell proof is an explicit upper gate.,10,reviewed plan v1; exact instance checked; not classroom-piloted
AD-11,Four symbols where every nonzero number divides,12,algebra-discrete,faithful-representation,O and C: manipulate two-position cards and cancel matching pairs; read a supplied multiplication table.,Do not call the system a field solely because a few products work; either supply quotient justification or explicitly keep the investigation at the inverse-table result.,15,reviewed plan v1; exact instance checked; not classroom-piloted
AD-12,A cube that ruler and compass cannot double,12,algebra-discrete,exact-special-case,V: use compass and unmarked straightedge to construct a square diagonal; participation need not begin with fields.,"The complete obstruction stays at the field-extension gate. Younger participants may finish with exact square-root constructions, without being told they have proved cube-duplication impossibility.",10,reviewed plan v1; exact instance checked; not classroom-piloted
AD-13,The monomials that survive the forbidden corners,13,algebra-discrete,faithful-representation,O and V: move right/up on a grid and recognize a forbidden region.,The low entrance establishes an exact monomial-membership puzzle; abstract quotient dimension requires linear combinations and polynomial independence.,10,reviewed plan v1; exact instance checked; not classroom-piloted
AD-14,A nonzero symbol whose square vanishes,13,algebra-discrete,exact-special-case,A and F: distribute two linear expressions and add signed rational coefficients.,This is an algebra-gated investigation. Do not replace the relation with 'ε is almost zero' to lower the prerequisite.,8,reviewed plan v1; exact instance checked; not classroom-piloted
AD-15,Find every rational point by aiming a line,14,algebra-discrete,exact-special-case,V: draw a circle and lines through one marked point; independent arithmetic can initially be deferred.,"A complete rational parametrization needs symbolic algebra. Projective or scheme language is a later continuation, not required decoration.",10,reviewed plan v1; exact instance checked; not classroom-piloted
AD-16,A curve made of seven finite-field points,14,algebra-discrete,exact-special-case,M and V: use a five-by-five coordinate grid and supplied residue/square tables.,Finish with the seven affine points when projective coordinates are unavailable; do not quietly add an unexplained eighth point.,10,reviewed plan v1; exact instance checked; not classroom-piloted
AD-17,"The average stays, the disagreement shrinks",15,algebra-discrete,exact-special-case,O and V: move two markers on a number line toward one another by a demonstrated quarter of the gap.,Convergence and its error estimate are meaningful without general spectral theory; arbitrary networks require new hypotheses.,5,reviewed plan v1; exact instance checked; not classroom-piloted
AD-18,"Stretch, shear, flatten: what happens to area?",15,algebra-discrete,exact-special-case,O and V: construct parallelograms on a grid and compare areas by cutting or counting.,"General volume scaling in higher dimension or change of variables requires additional algebra/analysis, not merely many drawings.",10,reviewed plan v1; exact instance checked; not classroom-piloted
AD-19,Take one linear arrow apart,16,algebra-discrete,exact-special-case,"L: understand vectors, a linear map, and how images of a basis determine it.",Keep a genuine linear-algebra gate. A token-routing analogy is only motivation until linear combinations and basis changes are present.,5,reviewed plan v1; exact instance checked; not classroom-piloted
AD-20,Measure how matrix moves fail to commute,17,algebra-discrete,exact-special-case,"L and F: multiply two-by-two matrices and subtract them, with a template if needed.","Keep the matrix prerequisite. A story in which order matters would establish only noncommutativity, omitting the nonassociative Lie structure.",8,reviewed plan v1; exact instance checked; not classroom-piloted
AD-21,The collection that remembers both choices,18,algebra-discrete,faithful-representation,O: match labels and keep two inventory roles distinct.,Constructing the pair list is a complete lower task; call the universal-property proof complete only when existence and uniqueness are both explained.,10,reviewed plan v1; exact instance checked; not classroom-piloted
AD-22,Which loops can face moves erase?,18,algebra-discrete,faithful-representation,O and C: flip edge markers and count parity at four vertices.,The concrete reachability result is exact. Claims about arbitrary surfaces or homotopy invariance require additional topology.,10,reviewed plan v1; exact instance checked; not classroom-piloted
AD-23,Why two dimensions are better than one count,19,algebra-discrete,exact-special-case,"L and X: vector spaces, direct sums, ring action, and module isomorphism for the genuine K0 investigation. Two-color counting offers a preparatory subtask.","Participants who only manipulate counters finish a preliminary monoid investigation, not the full K0 computation. The algebra gate is deliberate.",12,reviewed plan v1; exact instance checked; not classroom-piloted
AD-24,Necklaces that resist dividing by four,20,algebra-discrete,faithful-representation,O: arrange two colors on four positions and rotate a ring without turning it over.,The six-orbit classification is complete without group terminology. General orbit-counting extensions require precise action rules and checked stabilizers.,10,reviewed plan v1; exact instance checked; not classroom-piloted
GA-01,Can the order of two turns change the result?,22,geometry-analysis,exact-special-case,O: follow a spoken turn instruction and distinguish three fixed room directions.,Stop before Lie brackets unless matrix multiplication and derivatives are available.,10,reviewed plan v1; exact instance checked; not classroom-piloted
GA-02,Can opposite fence heights always be different?,26,geometry-analysis,exact-special-case,O: compare which of two markers is higher and follow opposite positions.,Higher-dimensional Borsuk–Ulam is not proved by this circle argument.,12,reviewed plan v1; exact instance checked; not classroom-piloted
GA-03,Can infinitely many points fit under very short covers?,28,geometry-analysis,exact-special-case,O/C: cover named dots and compare total used strip lengths.,Uncountability and nonmeasurability require new arguments; do not infer either from a sparse-looking picture.,10,reviewed plan v1; exact instance checked; not classroom-piloted
GA-04,Follow a square root around a circle,30,geometry-analysis,exact-special-case,O/V: track angles and paired opposite arrows on a circle.,Holomorphic continuation on general domains requires complex analysis; angle tracking alone does not establish it.,8,reviewed plan v1; exact instance checked; not classroom-piloted
GA-05,Can an averaging landscape hide a peak?,31,geometry-analysis,shared-mechanism,C/F: add small values and divide by two; colors can first compare heights.,Continuum harmonicity and Green functions require calculus and limits.,8,reviewed plan v1; exact instance checked; not classroom-piloted
GA-06,When two complex branches meet,32,geometry-analysis,exact-special-case,"A/X: complex numbers, i²=−1, and factoring a quadratic; elementary age access is not claimed.",Stop before claiming the origin is singular solely because one gradient vanishes; use the explicit two-branch local structure.,10,reviewed plan v1; exact instance checked; not classroom-piloted
GA-07,Invent a polynomial that triples an angle,33,geometry-analysis,exact-special-case,V/F: read horizontal coordinates on a unit circle and multiply an angle.,"Bessel functions, gamma integrals, and approximation theory need additional calculus or analysis.",8,reviewed plan v1; exact instance checked; not classroom-piloted
GA-08,Can a motion wait and still obey its rate law?,34,geometry-analysis,exact-special-case,"A/D: functions, square roots, and derivatives of quadratics.",Do not lower this to a coin-moving game and call it an ODE proof; derivatives are central.,5,reviewed plan v1; exact instance checked; not classroom-piloted
GA-09,A wave that travels and a shape that fades,35,geometry-analysis,exact-special-case,V/A: read graphs and understand a formula depending on space and time.,"Without derivatives, stop at comparing graphs and label the PDE connection as supplied information.",10,reviewed plan v1; exact instance checked; not classroom-piloted
GA-10,Program a repeating orbit by choosing its itinerary,37,geometry-analysis,exact-special-case,"F/A: double fractions, subtract from two, and follow a two-piece rule.",No assertion of randomness or chaos follows merely from an irregular plot.,8,reviewed plan v1; exact instance checked; not classroom-piloted
GA-11,How much does an addition machine have to reveal?,39,geometry-analysis,exact-special-case,C: combine whole-number inputs under one stated rule.,Do not claim the rational proof covers arbitrary real inputs without a continuity argument.,5,reviewed plan v1; exact instance checked; not classroom-piloted
GA-12,Smaller pieces: a finite total or an endless climb?,40,geometry-analysis,exact-special-case,O/F: compare halves and collect successive pieces.,A graph leveling off over finitely many terms is not evidence sufficient for convergence.,10,reviewed plan v1; exact instance checked; not classroom-piloted
GA-13,Fit a curve inside the narrowest error band,41,geometry-analysis,exact-special-case,O/V: compare a line's vertical discrepancy from a supplied parabola.,Calculus is not needed for this instance; least-squares extensions require a new objective and possibly integration.,10,reviewed plan v1; exact instance checked; not classroom-piloted
GA-14,Two different motions with the same snapshots,42,geometry-analysis,exact-special-case,O/V: compare arrow heights at regularly spaced snapshots.,Do not promise reconstruction without an explicit frequency restriction.,8,reviewed plan v1; exact instance checked; not classroom-piloted
GA-15,"Four brightnesses, four hidden patterns",43,geometry-analysis,exact-special-case,C/F: add brightness values and signed contributions; halves may occur.,Stop before nonabelian or continuous transforms without representation theory or integration.,10,reviewed plan v1; exact instance checked; not classroom-piloted
GA-16,Slide two windows and predict their overlap graph,44,geometry-analysis,exact-special-case,O: slide strips and compare overlap lengths.,General convolution and Laplace identities require integrability and convergence conditions.,8,reviewed plan v1; exact instance checked; not classroom-piloted
GA-17,An equation that listens to its own average,45,geometry-analysis,exact-special-case,"A/I: functions, definite integrals, and the mean over a unit interval.",A finite-group averaging puzzle is an analogy unless the integral formulation is actually used.,5,reviewed plan v1; exact instance checked; not classroom-piloted
GA-18,Which constant best represents a whole landscape?,46,geometry-analysis,exact-special-case,F/V: compare the widths and heights of two rectangular pieces.,"General function-space conclusions require norms, integrals, and completeness.",8,reviewed plan v1; exact instance checked; not classroom-piloted
GA-19,A tiny graph with a large derivative,47,geometry-analysis,exact-special-case,A/D: polynomial functions and the power rule.,"Without derivatives, observations remain motivation. Infinite-dimensional spectral theory is a separate hard stop.",5,reviewed plan v1; exact instance checked; not classroom-piloted
GA-20,Save quadratic effort with a steady journey,49,geometry-analysis,exact-special-case,F/V: compare journeys using constant speeds on two equal time intervals.,The universal result for continuous piecewise-C¹ paths needs calculus; checking finitely many schedules alone does not prove it.,8,reviewed plan v1; exact instance checked; not classroom-piloted
GA-21,The shortest route that touches a mirror,51,geometry-analysis,exact-special-case,O/V: move a contact point and compare string lengths.,Multiple obstacles or curved mirrors require new arguments; do not reuse the straight-mirror theorem blindly.,10,reviewed plan v1; exact instance checked; not classroom-piloted
GA-22,Split four pegs so their hulls meet,52,geometry-analysis,exact-special-case,O: sort four pegs into two colors and draw segments or triangular hulls.,Do not assume every four-point arrangement is a convex quadrilateral.,8,reviewed plan v1; exact instance checked; not classroom-piloted
GA-23,Return home with your arrow pointing somewhere new,53,geometry-analysis,exact-special-case,O/V: follow three great-circle arcs and keep a chosen angle to forward travel.,Do not infer transport from compass direction alone; the legal rule must be demonstrated.,15,reviewed plan v1; exact instance checked; not classroom-piloted
GA-24,Can a loop be reshaped into a segment?,54,geometry-analysis,exact-special-case,O: trace a loop and segment and compare pieces after a marked cut.,A drawing with crossings needs explicit decisions about which strands are joined.,5,reviewed plan v1; exact instance checked; not classroom-piloted
GA-25,How many corridors must close to erase every loop?,55,geometry-analysis,exact-special-case,O/C: trace routes and count rooms and corridors.,Cycle rank does not count every simple cycle; avoid calling both quantities 'number of loops'.,8,reviewed plan v1; exact instance checked; not classroom-piloted
GA-26,Can a coloring prove a knot cannot untie?,57,geometry-analysis,exact-special-case,O/C: follow an arc through crossings and use three colors.,General knot equivalence requires Reidemeister's theorem; do not present local checks alone as its proof.,15,reviewed plan v1; exact instance checked; not classroom-piloted
GA-27,What happens when a lake rises through a saddle?,58,geometry-analysis,exact-special-case,V/A: plot inequalities or test coordinates in a supplied contour map.,A sampled height map cannot certify that no hidden critical point exists.,12,reviewed plan v1; exact instance checked; not classroom-piloted
GA-28,A bracket or a tangent: which promise survives?,26,geometry-analysis,exact-special-case,F: halve rational intervals and compare squares.,"Do not introduce tangent iteration without derivatives, or claim continuity from a finite plot.",8,reviewed plan v1; exact instance checked; not classroom-piloted
GA-29,Remove almost all the length; keep uncountably many points,28,geometry-analysis,exact-special-case,"O/C: cut or shade the open middle third repeatedly, keeping endpoints.",Uncountability needs an infinite-sequence argument. “Too many dots to count” is only an observation.,10,reviewed plan v1; exact instance checked; not classroom-piloted
GA-30,Two shortest routes around a cylinder,53,geometry-analysis,exact-special-case,O: trace alternative routes around a rolled paper surface.,The informal paper argument proves this developable case; arbitrary curved-surface geodesics need further differential geometry.,10,reviewed plan v1; exact instance checked; not classroom-piloted
GA-31,Everybody agrees in pairs: is there a common choice?,52,geometry-analysis,exact-special-case,O/C: overlap strips representing allowed locations on a common line.,"A general proof of planar Helly needs additional convexity reasoning, such as Radon; do not present the interval proof as that proof.",10,reviewed plan v1; exact instance checked; not classroom-piloted
GA-32,Cut a Möbius band and follow the seam,57,geometry-analysis,exact-special-case,O: trace an edge and make a prediction before cutting.,General surface classification is beyond a single band. A dramatic cutting demonstration alone is not a classification proof.,12,reviewed plan v1; exact instance checked; not classroom-piloted
GA-33,The transform must remember how the system started,44,geometry-analysis,exact-special-case,D/A: read a rate equation and compare initial slopes.,Stop before this family unless derivatives and improper integrals are meaningful; forcing an elementary version would lose the central mechanism.,8,reviewed plan v1; exact instance checked; not classroom-piloted
GA-34,A well-behaved rate law can still explode,34,geometry-analysis,exact-special-case,A/F: compare values of a supplied rational trajectory and mark doubling times.,"Without derivatives, stop at the exact rational-function investigation; identifying it as the solution of the rate equation requires calculus.",8,reviewed plan v1; exact instance checked; not classroom-piloted
GA-35,A circle’s average can equal its center exactly,31,geometry-analysis,exact-special-case,F/V: evaluate a supplied quadratic at four marked circle points.,General mean-value and maximum principles for arbitrary harmonic functions need analysis; a finite sampling experiment is not their proof.,8,reviewed plan v1; exact instance checked; not classroom-piloted
GA-36,A fixed point exists—but will repeated feedback find it?,54,geometry-analysis,exact-special-case,O/V: match a curve with the diagonal and follow feedback arrows.,A general contraction theorem needs completeness and a sequence-limit proof; the finite computation alone establishes neither.,7,reviewed plan v1; exact instance checked; not classroom-piloted
AP-01,Which shore will the wandering token reach?,60,applied-probability,exact-special-case,O/C: move one place following a coin result and recognize endpoints.,Martingale stopping theorems and Brownian limits require new probability prerequisites.,5,reviewed plan v1; exact instance checked; not classroom-piloted
AP-02,The clue that changes the bag,60,applied-probability,exact-special-case,O/C: match a card to a bag and remove outcomes inconsistent with a clue.,Continuous Bayesian inference needs densities and integration; a finite case is already complete mathematics.,10,reviewed plan v1; exact instance checked; not classroom-piloted
AP-03,Could the treatment labels have landed this way?,62,applied-probability,exact-special-case,O/C: assign two labels and compare two groups.,Observational causal inference requires additional assumptions; random shuffling does not manufacture randomized assignment.,8,reviewed plan v1; exact instance checked; not classroom-piloted
AP-04,A sampling rule that always misses,62,applied-probability,exact-special-case,O/C: select labeled cards and record a number.,Correcting unknown real-world nonresponse needs extra information; no universal arithmetic adjustment is promised.,10,reviewed plan v1; exact instance checked; not classroom-piloted
AP-05,An interval-making machine,62,applied-probability,exact-special-case,O/C: move an interval marker to include three neighboring integer points.,A probability distribution for θ after data requires an additional prior model; do not supply one silently.,10,reviewed plan v1; exact instance checked; not classroom-piloted
AP-06,A root finder caught in a two-step loop,65,applied-probability,exact-special-case,"V/A/D: coordinates, evaluating a cubic and the meaning of derivative as tangent slope.",Do not remove tangency and call a number guessing game Newton’s method; calculus is a legitimate entry gate here.,12,reviewed plan v1; exact instance checked; not classroom-piloted
AP-07,A cooling model that heats itself up,65,applied-probability,exact-special-case,F/A: signed multiplication and repeated updates.,General ODE error bounds need calculus and regularity hypotheses. The recurrence analysis is a satisfying independent stop.,5,reviewed plan v1; exact instance checked; not classroom-piloted
AP-08,How much memory does the red-symbol machine need?,68,applied-probability,exact-special-case,O/C: follow one arrow per symbol and remember only the current circle.,Pumping lemmas and arbitrary language proofs need quantified string reasoning; no need to introduce them before the concrete lower bound.,8,reviewed plan v1; exact instance checked; not classroom-piloted
AP-09,Find the two dances hidden in coupled springs,70,applied-probability,exact-special-case,F/V: signed displacements from two equilibrium marks and force arrows.,"The claim about temporal frequency needs the ODE and calculus. Before that, force-pattern eigenvectors are the honest mathematical result.",10,reviewed plan v1; exact instance checked; not classroom-piloted
AP-10,Which spring arrangement stretches farther?,74,applied-probability,exact-special-case,O/V: distinguish end-to-end and side-by-side arrangements on a diagram.,"Continuum elasticity requires strain, stress and calculus; these finite networks do not establish material failure or buckling laws.",10,reviewed plan v1; exact instance checked; not classroom-piloted
AP-11,The narrow channel and the impossible flow map,76,applied-probability,exact-special-case,O/C/V: compare cross-section sizes and count volume packets per time interval.,Pressure differences require momentum/energy laws and assumptions; turbulence and viscosity cannot be deduced from this ledger.,7,reviewed plan v1; exact instance checked; not classroom-piloted
AP-12,Where should the fastest path cross the shoreline?,78,applied-probability,exact-special-case,"V/A: coordinates, Pythagoras and distance divided by speed.","Without calculus, comparison gives evidence and an exact candidate, not a proof over all continuous crossing points.",10,reviewed plan v1; exact instance checked; not classroom-piloted
AP-13,Add a wave and make the signal smaller,78,applied-probability,exact-special-case,V/F: compare heights above and below an axis and add signed heights.,"Without phase and coherence assumptions, the interference formula is not justified. General electromagnetic energy conservation needs more physics.",15,reviewed plan v1; exact instance checked; not classroom-piloted
AP-14,Can the heat-engine sales pitch be true?,80,applied-probability,exact-special-case,"C/F: account for incoming heat, outgoing heat and work.",Entropy cannot be replaced with an undefined messiness metaphor. Advanced cycle analysis requires thermodynamic state variables and calculus.,8,reviewed plan v1; exact instance checked; not classroom-piloted
AP-15,Does the order of two quantum questions matter?,81,applied-probability,exact-special-case,"V/F/L: vectors (1,0),(0,1) and diagonal unit vectors, dot products, squaring and probability trees.",Do not remove the Born rule or projection update and still call the resulting coin game quantum measurement.,12,reviewed plan v1; exact instance checked; not classroom-piloted
AP-16,Count the tiny magnet before running it,82,applied-probability,exact-special-case,O/C: flip four counters and count agreeing neighbors.,Infinite-volume phase transitions and criticality require limits and additional analysis; no claim that this toy has a critical temperature.,8,reviewed plan v1; exact instance checked; not classroom-piloted
AP-17,"Two clocks, one reunion, different elapsed times",83,applied-probability,exact-special-case,"V/A: plot time and position, interpret speed and use the given interval rule.",General curved spacetime requires a metric and differential geometry; rubber sheets are not a substitute.,8,reviewed plan v1; exact instance checked; not classroom-piloted
AP-18,Weigh an unseen center from its orbiters,85,applied-probability,exact-special-case,"V/F/A: radius, speed, square and the supplied circular-balance formula.","Noncircular orbits, projected velocities and extended mass distributions require new equations; do not silently apply the point-mass formula.",8,reviewed plan v1; exact instance checked; not classroom-piloted
AP-19,Can travel times reveal the water depth?,86,applied-probability,exact-special-case,"V/F/A: distance, speed, time and square roots.",Continuous bathymetric inversion and real seismic/tidal data require more wave physics and uncertainty modeling.,7,reviewed plan v1; exact instance checked; not classroom-piloted
AP-20,A price certificate for the best factory plan,90,applied-probability,exact-special-case,O/C: make two kinds of bundles from limited colored counters.,"General linear-programming duality, existence and algorithms require algebraic/convex prerequisites; this finite certificate is complete without them.",8,reviewed plan v1; exact instance checked; not classroom-piloted
AP-21,"Spend the battery now, or save it?",90,applied-probability,exact-special-case,"O/C: spend energy tokens once, collect score counters and follow three dates.","Continuous optimal control and stochastic decision theory are continuations, not claims proved by the three-day table.",8,reviewed plan v1; exact instance checked; not classroom-piloted
AP-22,How should you hide an unequal choice?,91,applied-probability,exact-special-case,O/C: choose cards secretly and score the four outcomes.,General finite-game equilibrium existence uses more machinery; the exact two-by-two certificate suffices here.,10,reviewed plan v1; exact instance checked; not classroom-piloted
AP-23,A stable traffic pattern that costs more,91,applied-probability,exact-special-case,O/C: place one token per player on a route and count users.,General equilibrium existence and price-of-anarchy bounds require additional game-theoretic definitions and proofs.,5,reviewed plan v1; exact instance checked; not classroom-piloted
AP-24,A neutral population can lose a color,92,applied-probability,exact-special-case,"O/C: draw, replace, and record a parent color for each offspring.","Selection, diploidy, mutation and real demographic inference require changed models and biological assumptions.",5,reviewed plan v1; exact instance checked; not classroom-piloted
AP-25,What can never change in the reaction box?,92,applied-probability,exact-special-case,"O/C: exchange one A and two B for one C, or reverse it.",Mass-action differential equations add rates and continuous concentration assumptions; do not infer them from token reachability alone.,7,reviewed plan v1; exact instance checked; not classroom-piloted
AP-26,The controller is correcting yesterday’s error,93,applied-probability,exact-special-case,F/C: signed positions and one-step memory represented by two cards.,General delay-system stability and frequency-domain design require further control theory; the exact recurrence suffices.,7,reviewed plan v1; exact instance checked; not classroom-piloted
AP-27,Can one sensor see two hidden tanks?,93,applied-probability,exact-special-case,O/C/F: hide two amounts and read only their total.,Kalman filtering requires a noise model and probabilistic estimation; it is not established by this exact reconstruction.,8,reviewed plan v1; exact instance checked; not classroom-piloted
AP-28,Four messages that survive one damaged bit,94,applied-probability,exact-special-case,O/C: copy black/white patterns and flip at most one tile.,"Asymptotic capacity, optimal code families and decoding complexity are later questions; the finite code is complete.",10,reviewed plan v1; exact instance checked; not classroom-piloted
AP-29,Give the common message a shorter name,94,applied-probability,exact-special-case,O/C: follow left/right branches and associate leaves with pictures.,Entropy bounds require logarithms and probability; optimality among unrestricted uniquely decodable codes needs an additional theorem.,8,reviewed plan v1; exact instance checked; not classroom-piloted
AP-30,The sensor changes the circuit it measures,94,applied-probability,exact-special-case,V/F/A: interpret two labeled nodes and voltage differences along resistors.,"Capacitors, inductors and signal-frequency behavior add state and dynamics; they are not covered by a steady DC calculation.",8,reviewed plan v1; exact instance checked; not classroom-piloted
