code,title,survey_status,disposition,survey,primary_families,family_ids,descendant_status,classroom_evidence
00,General and overarching topics; collections,screened,cross-cutting support; separate dossier,algebra-discrete,0,,unvisited; no inherited coverage,none for new atlas designs
01,History and biography,screened,cross-cutting support; separate dossier,algebra-discrete,0,,unvisited; no inherited coverage,none for new atlas designs
03,Mathematical logic and foundations,screened,candidate families; no field-completion claim,algebra-discrete,2,AD-01; AD-02,unvisited; no inherited coverage,none for new atlas designs
05,Combinatorics,screened,candidate families; no field-completion claim,algebra-discrete,3,AD-03; AD-04; AD-05,unvisited; no inherited coverage,none for new atlas designs
06,"Order, lattices, ordered algebraic structures",screened,candidate families; no field-completion claim,algebra-discrete,2,AD-06; AD-07,unvisited; no inherited coverage,none for new atlas designs
08,General algebraic systems,screened,candidate families; no field-completion claim,algebra-discrete,1,AD-08,unvisited; no inherited coverage,none for new atlas designs
11,Number theory,screened,candidate families; no field-completion claim,algebra-discrete,2,AD-09; AD-10,unvisited; no inherited coverage,none for new atlas designs
12,Field theory and polynomials,screened,candidate families; no field-completion claim,algebra-discrete,2,AD-11; AD-12,unvisited; no inherited coverage,none for new atlas designs
13,Commutative algebra,screened,candidate families; no field-completion claim,algebra-discrete,2,AD-13; AD-14,unvisited; no inherited coverage,none for new atlas designs
14,Algebraic geometry,screened,candidate families; no field-completion claim,algebra-discrete,2,AD-15; AD-16,unvisited; no inherited coverage,none for new atlas designs
15,Linear and multilinear algebra; matrix theory,screened,candidate families; no field-completion claim,algebra-discrete,2,AD-17; AD-18,unvisited; no inherited coverage,none for new atlas designs
16,Associative rings and algebras,screened,candidate families; no field-completion claim,algebra-discrete,1,AD-19,unvisited; no inherited coverage,none for new atlas designs
17,Nonassociative rings and algebras,screened,candidate families; no field-completion claim,algebra-discrete,1,AD-20,unvisited; no inherited coverage,none for new atlas designs
18,Category theory; homological algebra,screened,candidate families; no field-completion claim,algebra-discrete,2,AD-21; AD-22,unvisited; no inherited coverage,none for new atlas designs
19,\(K\)-theory,screened,candidate families; no field-completion claim,algebra-discrete,1,AD-23,unvisited; no inherited coverage,none for new atlas designs
20,Group theory and generalizations,screened,candidate families; no field-completion claim,algebra-discrete,1,AD-24,unvisited; no inherited coverage,none for new atlas designs
22,"Topological groups, Lie groups",screened,candidate families; no field-completion claim,geometry-analysis,1,GA-01,unvisited; no inherited coverage,none for new atlas designs
26,Real functions,screened,candidate families; no field-completion claim,geometry-analysis,2,GA-02; GA-28,unvisited; no inherited coverage,none for new atlas designs
28,Measure and integration,screened,candidate families; no field-completion claim,geometry-analysis,2,GA-03; GA-29,unvisited; no inherited coverage,none for new atlas designs
30,Functions of a complex variable,screened,candidate families; no field-completion claim,geometry-analysis,1,GA-04,unvisited; no inherited coverage,none for new atlas designs
31,Potential theory,screened,candidate families; no field-completion claim,geometry-analysis,2,GA-05; GA-35,unvisited; no inherited coverage,none for new atlas designs
32,Several complex variables and analytic spaces,screened,candidate families; no field-completion claim,geometry-analysis,1,GA-06,unvisited; no inherited coverage,none for new atlas designs
33,Special functions,screened,candidate families; no field-completion claim,geometry-analysis,1,GA-07,unvisited; no inherited coverage,none for new atlas designs
34,Ordinary differential equations,screened,candidate families; no field-completion claim,geometry-analysis,2,GA-08; GA-34,unvisited; no inherited coverage,none for new atlas designs
35,Partial differential equations,screened,candidate families; no field-completion claim,geometry-analysis,1,GA-09,unvisited; no inherited coverage,none for new atlas designs
37,Dynamical systems and ergodic theory,screened,candidate families; no field-completion claim,geometry-analysis,1,GA-10,unvisited; no inherited coverage,none for new atlas designs
39,Difference and functional equations,screened,candidate families; no field-completion claim,geometry-analysis,1,GA-11,unvisited; no inherited coverage,none for new atlas designs
40,"Sequences, series, summability",screened,candidate families; no field-completion claim,geometry-analysis,1,GA-12,unvisited; no inherited coverage,none for new atlas designs
41,Approximations and expansions,screened,candidate families; no field-completion claim,geometry-analysis,1,GA-13,unvisited; no inherited coverage,none for new atlas designs
42,Harmonic analysis on Euclidean spaces,screened,candidate families; no field-completion claim,geometry-analysis,1,GA-14,unvisited; no inherited coverage,none for new atlas designs
43,Abstract harmonic analysis,screened,candidate families; no field-completion claim,geometry-analysis,1,GA-15,unvisited; no inherited coverage,none for new atlas designs
44,"Integral transforms, operational calculus",screened,candidate families; no field-completion claim,geometry-analysis,2,GA-16; GA-33,unvisited; no inherited coverage,none for new atlas designs
45,Integral equations,screened,candidate families; no field-completion claim,geometry-analysis,1,GA-17,unvisited; no inherited coverage,none for new atlas designs
46,Functional analysis,screened,candidate families; no field-completion claim,geometry-analysis,1,GA-18,unvisited; no inherited coverage,none for new atlas designs
47,Operator theory,screened,candidate families; no field-completion claim,geometry-analysis,1,GA-19,unvisited; no inherited coverage,none for new atlas designs
49,Calculus of variations and optimal control; optimization,screened,candidate families; no field-completion claim,geometry-analysis,1,GA-20,unvisited; no inherited coverage,none for new atlas designs
51,Geometry,screened,candidate families; no field-completion claim,geometry-analysis,1,GA-21,unvisited; no inherited coverage,none for new atlas designs
52,Convex and discrete geometry,screened,candidate families; no field-completion claim,geometry-analysis,2,GA-22; GA-31,unvisited; no inherited coverage,none for new atlas designs
53,Differential geometry,screened,candidate families; no field-completion claim,geometry-analysis,2,GA-23; GA-30,unvisited; no inherited coverage,none for new atlas designs
54,General topology,screened,candidate families; no field-completion claim,geometry-analysis,2,GA-24; GA-36,unvisited; no inherited coverage,none for new atlas designs
55,Algebraic topology,screened,candidate families; no field-completion claim,geometry-analysis,1,GA-25,unvisited; no inherited coverage,none for new atlas designs
57,Manifolds and cell complexes,screened,candidate families; no field-completion claim,geometry-analysis,2,GA-26; GA-32,unvisited; no inherited coverage,none for new atlas designs
58,"Global analysis, analysis on manifolds",screened,candidate families; no field-completion claim,geometry-analysis,1,GA-27,unvisited; no inherited coverage,none for new atlas designs
60,Probability theory and stochastic processes,screened,candidate families; no field-completion claim,applied-probability,2,AP-01; AP-02,unvisited; no inherited coverage,none for new atlas designs
62,Statistics,screened,candidate families; no field-completion claim,applied-probability,3,AP-03; AP-04; AP-05,unvisited; no inherited coverage,none for new atlas designs
65,Numerical analysis,screened,candidate families; no field-completion claim,applied-probability,2,AP-06; AP-07,unvisited; no inherited coverage,none for new atlas designs
68,Computer science,screened,candidate families; no field-completion claim,applied-probability,1,AP-08,unvisited; no inherited coverage,none for new atlas designs
70,Mechanics of particles and systems,screened,candidate families; no field-completion claim,applied-probability,1,AP-09,unvisited; no inherited coverage,none for new atlas designs
74,Mechanics of deformable solids,screened,candidate families; no field-completion claim,applied-probability,1,AP-10,unvisited; no inherited coverage,none for new atlas designs
76,Fluid mechanics,screened,candidate families; no field-completion claim,applied-probability,1,AP-11,unvisited; no inherited coverage,none for new atlas designs
78,"Optics, electromagnetic theory",screened,candidate families; no field-completion claim,applied-probability,2,AP-12; AP-13,unvisited; no inherited coverage,none for new atlas designs
80,"Classical thermodynamics, heat transfer",screened,candidate families; no field-completion claim,applied-probability,1,AP-14,unvisited; no inherited coverage,none for new atlas designs
81,Quantum theory,screened,candidate families; no field-completion claim,applied-probability,1,AP-15,unvisited; no inherited coverage,none for new atlas designs
82,"Statistical mechanics, structure of matter",screened,candidate families; no field-completion claim,applied-probability,1,AP-16,unvisited; no inherited coverage,none for new atlas designs
83,Relativity and gravitational theory,screened,candidate families; no field-completion claim,applied-probability,1,AP-17,unvisited; no inherited coverage,none for new atlas designs
85,Astronomy and astrophysics,screened,candidate families; no field-completion claim,applied-probability,1,AP-18,unvisited; no inherited coverage,none for new atlas designs
86,Geophysics,screened,candidate families; no field-completion claim,applied-probability,1,AP-19,unvisited; no inherited coverage,none for new atlas designs
90,"Operations research, mathematical programming",screened,candidate families; no field-completion claim,applied-probability,2,AP-20; AP-21,unvisited; no inherited coverage,none for new atlas designs
91,"Game theory, economics, finance, and other social and behavioral sciences",screened,candidate families; no field-completion claim,applied-probability,2,AP-22; AP-23,unvisited; no inherited coverage,none for new atlas designs
92,Biology and other natural sciences,screened,candidate families; no field-completion claim,applied-probability,2,AP-24; AP-25,unvisited; no inherited coverage,none for new atlas designs
93,Systems theory; control,screened,candidate families; no field-completion claim,applied-probability,2,AP-26; AP-27,unvisited; no inherited coverage,none for new atlas designs
94,"Information and communication theory, circuits",screened,candidate families; no field-completion claim,applied-probability,3,AP-28; AP-29; AP-30,unvisited; no inherited coverage,none for new atlas designs
97,Mathematics education,screened,cross-cutting support; separate dossier,applied-probability,0,,unvisited; no inherited coverage,none for new atlas designs
