id,field,field_title,anchor,survey,status,classroom_evidence,coverage_scope
00-S01,00,General mathematics: a cross-cutting facet,"**What would convince another person?** Offer a construction, an impossibility claim, and an optimality claim on the same small board. For example, a route demonstrates existence; a parity obstruction rules out a route; a route matching a lower bound proves optimality. Ask which claims a photograph certifies and which need a reason. **E:** this is actual mathematical justification, with an Objects entrance and a Cases explanation gate.",surveys/algebra-discrete.md,surveyed seed; family-level review required,none,this anchor only; no descendant MSC credit
00-S02,00,General mathematics: a cross-cutting facet,"**What has been forgotten in a model?** Redraw a network while preserving endpoints of every edge. Does the route question change? Then merge two vertices and ask again. Children decide which changes preserve the problem, instead of merely being told that the picture is a graph. **E/R:** graph isomorphism and a counterexample to an invalid quotient. Week 10 is a direct prior instance; the new question would be model equivalence, not another route puzzle.",surveys/algebra-discrete.md,surveyed seed; family-level review required,none,this anchor only; no descendant MSC credit
00-S03,00,General mathematics: a cross-cutting facet,"**Which conjecture deserves to survive?** Generate examples, seek a counterexample, repair the hypothesis, then distinguish the repaired statement from its converse. Euclid's finite-list prime argument is a useful adult calibration: “the constructed number is prime” is stronger than, and unnecessary for, the proof [S2]. A child who understands factors can find a counterexample to the stronger claim.",surveys/algebra-discrete.md,surveyed seed; family-level review required,none,this anchor only; no descendant MSC credit
01-S01,01,History and biography: questions with provenance,**Why does repeated subtraction find a common measure?** Reconstruct Euclid VII.2 with two lengths made of unit blocks. Compare subtracting one copy at a time with removing several copies. **E:** the invariant common-divisor set and termination are visible; division notation is optional [S1].,surveys/algebra-discrete.md,surveyed seed; family-level review required,none,this anchor only; no descendant MSC credit
01-S02,01,History and biography: questions with provenance,"**Does a finite list of primes exhaust the possibilities?** Reconstruct IX.20 and examine why the new number need not be prime. **E:** a new prime divisor, not necessarily a new prime equal to the constructed integer, defeats a proposed exhaustive list [S2]. The child gate is multiplication, divisibility, and the meaning of “any proposed list.”",surveys/algebra-discrete.md,surveyed seed; family-level review required,none,this anchor only; no descendant MSC credit
01-S03,01,History and biography: questions with provenance,"**What did Euler remove from the bridge map?** Compare a geographic drawing, a sequence of region letters, and a modern graph. Which information survives? The Euler Archive identifies the original work E53 and distinguishes written and publication dates [S3]. **E:** the route problem; **A:** claiming the modern graph formalism exactly reproduces Euler's presentation without reading that presentation.",surveys/algebra-discrete.md,surveyed seed; family-level review required,none,this anchor only; no descendant MSC credit
03-S01,03,Mathematical logic and foundations,"**Can two different rule cards accept exactly the same objects?** On a finite inventory, compare “red and round” with the negation of “not red or not round”; then alter a quantifier. **E:** Boolean semantics and equivalence. Objects suffice for participation; Cases is needed to justify equivalence over all possible property combinations.",surveys/algebra-discrete.md,surveyed seed; family-level review required,none,this anchor only; no descendant MSC credit
03-S02,03,Mathematical logic and foundations,"**Can you defeat every row in a proposed list?** Given an (n ×  n) binary array, construct a length-(n) row differing from row (i) at position (i). **E:** finite diagonal construction. The infinite binary-sequence argument needs a separately stated rule for every positive integer. It proves no enumeration of all infinite binary sequences exists; the finite activity alone does not prove uncountability.",surveys/algebra-discrete.md,surveyed seed; family-level review required,none,this anchor only; no descendant MSC credit
03-S03,03,Mathematical logic and foundations,"**Can every finite set of demands be met, while the whole collection requires a new kind of model?** Explore demands “there are at least (n) objects,” then the infinite set of all such demands. **E:** concrete finite models; **G:** first-order compactness requires syntax, satisfaction, and quantifiers. Do not claim that every infinite puzzle inherits compactness under arbitrary rules.",surveys/algebra-discrete.md,surveyed seed; family-level review required,none,this anchor only; no descendant MSC credit
03-S04,03,Mathematical logic and foundations,"**Can a machine reliably predict whether all other machines stop?** First trace tiny explicitly specified programs, distinguishing a terminating computation from an observed prefix. **E:** computations; **G:** the diagonal impossibility argument requires encodings and self-application. A looping toy machine is not a proof of undecidability.",surveys/algebra-discrete.md,surveyed seed; family-level review required,none,this anchor only; no descendant MSC credit
05-S01,05,Combinatorics,"**How many walks of a fixed length reach a destination?** Children move counters on a small network and count by last step. The (i,j) entry of (A^k) counts length-(k) walks for the specified adjacency convention. **E:** recurrence on a finite graph; matrix multiplication can arrive after the combinatorial reasoning. Distinguish walks from simple paths.",surveys/algebra-discrete.md,surveyed seed; family-level review required,none,this anchor only; no descendant MSC credit
05-S02,05,Combinatorics,"**How many subsets can be chosen if none may contain another?** Begin with all subsets of four named objects. Children choose a large incomparable collection and challenge another group's certificate. **E:** antichains in a Boolean lattice. The general largest size is choose(n, floor(n/2)); full proof needs a chain or counting argument, not just inspection of the middle layer.",surveys/algebra-discrete.md,surveyed seed; family-level review required,none,this anchor only; no descendant MSC credit
05-S03,05,Combinatorics,**How many ways can a network stay connected after deleting all unnecessary links?** Enumerate spanning trees of a square with one diagonal. **E:** tree enumeration. The Matrix-Tree Theorem connects the count to a Laplacian cofactor for a finite connected loopless graph; determinant evaluation is a later gate.,surveys/algebra-discrete.md,surveyed seed; family-level review required,none,this anchor only; no descendant MSC credit
05-S04,05,Combinatorics,"**Can every labeled tree be encoded by a short list and decoded uniquely?** Try leaf deletion on four labels before deriving Prüfer coding. **E:** bijection; for (n ≥ 2), the eventual count (n^{n-2}) is a theorem about labeled trees, not unlabeled shapes.",surveys/algebra-discrete.md,surveyed seed; family-level review required,none,this anchor only; no descendant MSC credit
06-S01,06,"Order, lattices, ordered algebraic structures","**Can two collections be incomparable?** Order subsets by inclusion, or positive divisors of 12 by divisibility. Find a greatest common lower bound and least common upper bound. **E/R:** meet/join, respectively intersection/union or gcd/lcm. Objects can handle subset cards; divisibility requires multiplication or supplied division diagrams.",surveys/algebra-discrete.md,surveyed seed; family-level review required,none,this anchor only; no descendant MSC credit
06-S02,06,"Order, lattices, ordered algebraic structures","**Does distributing one operation across another always work?** Compare subset lattices with the five-element diamond (M_3). With distinct middle elements (a,b,c), test (a ∧ (b ∨  c)) against ((a ∧  b) ∨ (a ∧  c)). **E:** a small exact counterexample; a Hasse diagram is a new representation to teach, not a prerequisite to assume.",surveys/algebra-discrete.md,surveyed seed; family-level review required,none,this anchor only; no descendant MSC credit
06-S03,06,"Order, lattices, ordered algebraic structures","**What is forced by a chosen starting collection?** On a four-object system with explicit implications, repeatedly add forced objects. Compare all legal orders of applying rules. **E:** extensive, monotone, idempotent closure. Ask whether closing the union differs from merely uniting two closed sets; the closed sets form a lattice whose join may require closing again.",surveys/algebra-discrete.md,surveyed seed; family-level review required,none,this anchor only; no descendant MSC credit
06-S04,06,"Order, lattices, ordered algebraic structures","**How can two comparison systems translate optimally into one another?** “How many three-seat benches are needed?” and “How many children can these benches seat?” instantiate ceil(x/3) ≤ n if and only if x ≤ 3n, for nonnegative integer counts. **E:** a Galois connection of preorders, with rounding/division gate [S7, §1.4].",surveys/algebra-discrete.md,surveyed seed; family-level review required,none,this anchor only; no descendant MSC credit
08-S01,08,General algebraic systems / universal algebra,"**Can a binary-operation table obey some laws and violate others?** Provide three symbols and let children invent a complete table; challenge commutativity, associativity, or an identity with explicit witnesses. **E:** finite algebras. A small table can have a substantial question; asking children to verify all triples mechanically cannot be the whole activity.",surveys/algebra-discrete.md,surveyed seed; family-level review required,none,this anchor only; no descendant MSC credit
08-S02,08,General algebraic systems / universal algebra,"**Which symbols may safely be treated as the same?** Start with addition modulo four. Merge 0 with 2 and 1 with 3; compare with merging only 0 with 1. **E:** the first partition is a congruence, the second fails well-definedness. Children must test whether choices of representative change an answer.",surveys/algebra-discrete.md,surveyed seed; family-level review required,none,this anchor only; no descendant MSC credit
08-S03,08,General algebraic systems / universal algebra,**Can two machines run side by side and retain the same laws?** Build pairs of states and apply each operation coordinatewise. **E:** direct product. The interesting question is what properties survive and whether every paired state can actually be reached from selected generators; do not assume all products are cyclic.,surveys/algebra-discrete.md,surveyed seed; family-level review required,none,this anchor only; no descendant MSC credit
08-S04,08,General algebraic systems / universal algebra,"**What is the most general machine with two buttons and no extra rules?** Use words in two letters; concatenate, then optionally impose (aa=a), or (ab=ba), and investigate equivalent words. **E:** free monoids and presentations. **G:** Birkhoff's HSP theorem concerns equational classes of a fixed signature and closure under homomorphic images, subalgebras, and products; word play is not its proof.",surveys/algebra-discrete.md,surveyed seed; family-level review required,none,this anchor only; no descendant MSC credit
11-S01,11,Number theory,"**Can one hidden number meet two remainder reports?** Use two rotating rings of sizes 3 and 4, then 4 and 6. For coprime positive moduli (m,n), every residue pair has exactly one solution modulo (mn) [S8, Theorem 1.1]. **E:** Chinese remaindering. For the changed pair, children must discover incompatibility instead of being told the same theorem applies.",surveys/algebra-discrete.md,surveyed seed; family-level review required,none,this anchor only; no descendant MSC credit
11-S02,11,Number theory,"**Can a number be both triangular and square?** Build 1 and 36 with dots, then seek the next example. The transformation (m(m+1)/2=n^2 ⇔ (2m+1)^2-2(2n)^2=1) connects the question exactly to a restricted Pell equation [S9, §3]. **E:** the dot question; **G:** proving all solutions requires more than extending a numerical pattern. The recurrence from multiplying by (3+2√2) can be checked symbolically once quadratic expressions are available.",surveys/algebra-discrete.md,surveyed seed; family-level review required,none,this anchor only; no descendant MSC credit
11-S03,11,Number theory,"**Can a local test rule out a global integer solution?** Ask whether (x^2+y^2=3 (mod 4)) can occur: squares have residues 0 or 1, so it cannot. **E:** a modular obstruction. Then ask whether passing one test guarantees a solution; it does not. This is an original small instance, not a claim to have taught the arithmetic local-to-global principle.",surveys/algebra-discrete.md,surveyed seed; family-level review required,none,this anchor only; no descendant MSC credit
11-S04,11,Number theory,**Can you always escape a finite proposed prime list?** Euclid's argument gives a complete elementary impossibility proof [S2]. Change “prime” to other multiplicatively defined lists only after checking which argument survives.,surveys/algebra-discrete.md,surveyed seed; family-level review required,none,this anchor only; no descendant MSC credit
12-S01,12,Field theory and polynomials,"**Can arithmetic with four symbols allow division by every nonzero symbol?** Construct 𝔽₂[t]/(t^2+t+1), representing (0,1,t,1+t) with two-bit cards. Compare with arithmetic modulo four. **E:** the former is a field; the latter has zero divisors. The irreducible-polynomial requirement matters [S10, Theorem 1.1 and warning]. Objects plus table-following permits exploration; polynomial reduction and proof are later gates.",surveys/algebra-discrete.md,surveyed seed; family-level review required,none,this anchor only; no descendant MSC credit
12-S02,12,Field theory and polynomials,"**Which changes to roots preserve every arithmetic relation?** In ℚ(√2), test (a+b√2 ↦  a-b√2). Then compare two independent square roots. **E:** automorphisms of a specified extension, not arbitrary permutations of a printed list of roots. The Symbols gate includes fractions, distributivity, and the distinction between a number and its decimal approximation.",surveys/algebra-discrete.md,surveyed seed; family-level review required,none,this anchor only; no descendant MSC credit
12-S03,12,Field theory and polynomials,"**Which lengths can ruler and compass actually create?** Construct square roots geometrically, then investigate why duplicating a cube requires a different algebraic degree. A constructible real number has degree a power of two over ℚ; this necessary condition rules out ∛2 [S11, §21.3]. **E:** exact construction questions; **G:** the obstruction proof needs field extensions. “I tried and failed” is not the proof.",surveys/algebra-discrete.md,surveyed seed; family-level review required,none,this anchor only; no descendant MSC credit
13-S01,13,Commutative algebra,"**What remains after certain monomials are declared zero?** On the exponent grid (i,j) for (x^iy^j), mark all multiples of (x^2,xy,y^3). Ask which monomials survive and how multiplying by (x) or (y) moves or kills them. **E/R:** a monomial quotient with basis (1,x,y,y^2) over a field. Cases and grid movement suffice for discovering the four survivors; vector-space dimension is a later interpretation.",surveys/algebra-discrete.md,surveyed seed; family-level review required,none,this anchor only; no descendant MSC credit
13-S02,13,Commutative algebra,"**Can a nonzero thing square to zero?** Compare (k[t]/(t^2)) with (k[t]/(t)). Track multiplication using (t^2=0) and notice that both equations have the same ordinary zero set, although the quotients differ. **E:** nilpotents and information lost by taking only points. This is a genuine small algebra, not a tiny nonzero real number.",surveys/algebra-discrete.md,surveyed seed; family-level review required,none,this anchor only; no descendant MSC credit
13-S03,13,Commutative algebra,**What changes when selected numbers become invertible?** Allow fractions whose denominators are powers of two. Can (1/3) be represented? Compare with allowing every odd denominator. **E:** localizations of ℤ. Rational arithmetic permits a complete small argument; prime ideals enter only later.,surveys/algebra-discrete.md,surveyed seed; family-level review required,none,this anchor only; no descendant MSC credit
13-S04,13,Commutative algebra,**Can infinitely many polynomial constraints be controlled by finitely many generators?** First study an upward-closed set of exponent-grid points and its minimal corners. **E:** a monomial-ideal special case. **G:** Hilbert's basis theorem concerns Noetherian coefficient rings and polynomial rings; finitely many drawn corners do not prove it generally.,surveys/algebra-discrete.md,surveyed seed; family-level review required,none,this anchor only; no descendant MSC credit
14-S01,14,Algebraic geometry,"**Can every rational point on a circle be found by shooting a rational-slope line from one known point?** Use the circle (x^2+y^2=1) and the point ((1,0)). Solve for the second intersection and account for the exceptional point. **E:** rational parametrization of a conic [S13, §6.5, printed pp. 191–193]. Enter with drawing; solving and proving completeness require fractions and quadratic equations.",surveys/algebra-discrete.md,surveyed seed; family-level review required,none,this anchor only; no descendant MSC credit
14-S02,14,Algebraic geometry,"**Where did the second intersection go?** Vary a line meeting a parabola: two real intersections can merge or leave the real plane. **E:** line–conic intersection. **G:** Bézout's theorem counts degree-product intersections in the projective plane over an algebraically closed field, with multiplicity and no shared component [S12, Theorem 6.37]. The child experiment should expose missing hypotheses, not claim “all curves always meet that many times.”",surveys/algebra-discrete.md,surveyed seed; family-level review required,none,this anchor only; no descendant MSC credit
14-S03,14,Algebraic geometry,"**Do two equations describe the same geometric object?** Compare (y=x^2), the parametrization ((t,t^2)), and (xy=0). Ask whether one parameter can recover every point and whether crossing lines behave like a smooth curve. **E:** specified maps and reducibility; **G:** tangent spaces/singularity schemes need polynomial and linear tools.",surveys/algebra-discrete.md,surveyed seed; family-level review required,none,this anchor only; no descendant MSC credit
14-S04,14,Algebraic geometry,"**What does a curve look like over a finite field?** Enumerate the solutions of (y^2=x^3-x) over 𝔽₅, then compare with a real plot. **E:** arithmetic points of the same polynomial relation over different fields. This is a point-counting investigation, not yet elliptic-curve group law or cryptography.",surveys/algebra-discrete.md,surveyed seed; family-level review required,none,this anchor only; no descendant MSC credit
15-S01,15,Linear and multilinear algebra / matrix theory,"**Which sets of moves do the same job?** For a specified finite toggle board, find both reachable outputs and press patterns that do nothing. **E:** image/kernel over 𝔽₂, with rank–nullity explaining their sizes after a basis is established. Week 2 already owns this mechanism; a new board is only an instance unless the question changes substantially.",surveys/algebra-discrete.md,surveyed seed; family-level review required,none,this anchor only; no descendant MSC credit
15-S02,15,Linear and multilinear algebra / matrix theory,"**Which features survive repeated averaging?** Apply ((x,y) ↦ ((3x+y)/4,(x+3y)/4)). The sum stays fixed while the difference halves. **E:** eigen-directions in a (2 × 2) map. Children can move two markers and compare midpoints; fractions support exact reasoning. This adds real-scalar dynamics missing from binary toggles.",surveys/algebra-discrete.md,surveyed seed; family-level review required,none,this anchor only; no descendant MSC credit
15-S03,15,Linear and multilinear algebra / matrix theory,"**Can a transformation flatten a picture, reverse it, or preserve its area?** Compare two planar shears and a projection on a unit-grid parallelogram. **E:** determinant as signed area scaling. Counting squares is entry; signed coordinates and a general proof come later. Do not infer that area preservation implies distance preservation.",surveys/algebra-discrete.md,surveyed seed; family-level review required,none,this anchor only; no descendant MSC credit
15-S04,15,Linear and multilinear algebra / matrix theory,"**Which approximate solution is best when exact measurements disagree?** Find the nearest point on a line to a marked point, then connect perpendicular error to least squares. **E:** orthogonal projection in a Euclidean inner-product space. Measurement is exploratory; proof requires exact geometry or dot products.",surveys/algebra-discrete.md,surveyed seed; family-level review required,none,this anchor only; no descendant MSC credit
16-S01,16,Associative rings and algebras,"**Does changing the order of two operations change the result?** Use matrices (A=[[1, 1], [0, 1]]), (B=[[1, 0], [1, 1]]), and a marked lattice point. **E:** matrix multiplication acting on vectors. Arrow movement allows entry before multiplying arrays; the investigator must specify right-to-left composition.",surveys/algebra-discrete.md,surveyed seed; family-level review required,none,this anchor only; no descendant MSC credit
16-S02,16,Associative rings and algebras,**Can two nonzero transformations compose to zero?** Project onto the horizontal axis and then project onto the vertical axis. **E:** zero divisors in an endomorphism ring. Contrast with invertible transformations and ask exactly what information disappeared. This is not evidence that real-number multiplication has zero divisors.,surveys/algebra-discrete.md,surveyed seed; family-level review required,none,this anchor only; no descendant MSC credit
16-S03,16,Associative rings and algebras,"**Can a network of vector spaces be assembled from simpler pieces?** Begin with one linear arrow (V →  W). Classify small maps up to independent basis changes by rank, then add a second arrow. **E:** quiver representations. **G:** vector spaces and changes of basis are unavoidable for the mathematical question; dots and arrows without linear data are only a motivational picture.",surveys/algebra-discrete.md,surveyed seed; family-level review required,none,this anchor only; no descendant MSC credit
16-S04,16,Associative rings and algebras,**When does an action split into independent parts?** Compare the coordinate-axis decomposition of a diagonal operator with a (2 × 2) Jordan block. **E:** invariant subspaces and failure of complete reducibility. The general semisimplicity question is richer than finding an invariant subset of tokens.,surveys/algebra-discrete.md,surveyed seed; family-level review required,none,this anchor only; no descendant MSC credit
17-S01,17,Nonassociative rings and algebras,"**Can the failure of two transformations to commute itself be measured algebraically?** For real square matrices set ([A,B]=AB-BA), and calculate a small commutator table. **E:** a Lie bracket; the Jacobi identity follows by expansion and associativity of the original product. **G:** matrix addition/multiplication and negatives. Physically reversing two finite rotations is motivation, not a direct realization of this infinitesimal bracket.",surveys/algebra-discrete.md,surveyed seed; family-level review required,none,this anchor only; no descendant MSC credit
17-S02,17,Nonassociative rings and algebras,"**What survives if matrix multiplication is symmetrized?** Define (A ∘  B=(AB+BA)/2) for real matrices; compare (A ∘ (B ∘  C)) and ((A ∘  B) ∘  C). **E:** a special Jordan algebra and a discoverable failure of associativity. Fractions and matrices are a genuine prerequisite, not something a colorful story removes.",surveys/algebra-discrete.md,surveyed seed; family-level review required,none,this anchor only; no descendant MSC credit
17-S03,17,Nonassociative rings and algebras,"**Can a seven-point diagram encode multiplication that fails associativity?** Use a fixed oriented Fano-plane multiplication convention for octonion units, including signs. Ask for a concrete pair of parenthesizations giving different answers. **E:** multiplication of specified units; reading a signed operation table is sufficient for a finite counterexample. **G:** the normed division algebra, exceptional structures, and their classification need substantial linear algebra.",surveys/algebra-discrete.md,surveyed seed; family-level review required,none,this anchor only; no descendant MSC credit
18-S01,18,Category theory and homological algebra,"**Can two different routes through machines always give the same answer?** Supply finite sets, explicit functions, and a square of machines. Test commutativity for every input and repair one map. **E:** commuting diagrams in finite sets. Composition is associative, but equality of the two routes is additional data to investigate.",surveys/algebra-discrete.md,surveyed seed; family-level review required,none,this anchor only; no descendant MSC credit
18-S02,18,Category theory and homological algebra,"**How can two lists be paired using a shared label?** Build ({(a,b):f(a)=g(b)}) from two finite labeled collections. Ask why every other consistently paired collection has exactly one map to this collection preserving its two projections. **E:** pullback in sets [S7, §3.5.3]. Objects supplies the construction; the uniqueness property needs Structural reasoning.",surveys/algebra-discrete.md,surveyed seed; family-level review required,none,this anchor only; no descendant MSC credit
18-S03,18,Category theory and homological algebra,"**What is the best translation between “resources required” and “tasks possible”?** The benches/children adjunction in field 06 is an exact preorder example. The shared mechanism should be one family with two research links, not two counted activities.",surveys/algebra-discrete.md,surveyed seed; family-level review required,none,this anchor only; no descendant MSC credit
18-S04,18,Category theory and homological algebra,"**Which closed edge-patterns are boundaries of faces?** Work over 𝔽₂ with vertices, edges, and triangular faces. The boundary of a face-boundary is zero; a triangle loop is a cycle whether or not its face is filled, but it is a boundary only in the filled version. **E/R:** a small chain complex and its first homology. Source support for the general homological setting is the Stacks Project's complexes and cohomology section [S17]; the finite construction needs its own checked matrices.",surveys/algebra-discrete.md,surveyed seed; family-level review required,none,this anchor only; no descendant MSC credit
19-S01,19,Algebraic K-theory,"**Can we consistently subtract collections that only know how to combine?** Represent a formal difference by a pair (a,b); for ordinary nonnegative counts, identify (a,b) with (c,d) when (a+d=b+c). **E:** group completion of ℕ to ℤ. Counters and cancellation permit early entry. The interesting question is well-definedness of addition and equivalence, not routine negative-number arithmetic.",surveys/algebra-discrete.md,surveyed seed; family-level review required,none,this anchor only; no descendant MSC credit
19-S02,19,Algebraic K-theory,"**What if cancellation fails?** Try the commutative monoid {0,e} with (e+e=e). In any group receiving a monoid homomorphism, the image of (e) must be zero. **E:** group completion can lose information. This counterexample guards against pretending the simple pair rule describes all monoids without adjustment; general equality allows adding a common extra element.",surveys/algebra-discrete.md,surveyed seed; family-level review required,none,this anchor only; no descendant MSC credit
19-S03,19,Algebraic K-theory,"**Can two kinds of symmetry-orbit be counted independently?** For a two-element group, classify finite actions into fixed points and swapped pairs. Addition is disjoint union. **E:** the additive monoid underlying its Burnside ring, whose completion is ℤ^2; investigate products to see why total number of points alone forgets structure [S18, Example 1.5].",surveys/algebra-discrete.md,surveyed seed; family-level review required,none,this anchor only; no descendant MSC credit
19-S04,19,Algebraic K-theory,"**Why is (K_0(k) ≅ ℤ) for a field?** Finite-dimensional vector spaces combine by direct sum and are classified by dimension. **G/E:** this is actual (K_0), once vector spaces/projective modules and the definition are available. The counter story in question 1 is its underlying completion mechanism, not a claim that all counter play teaches algebraic K-theory.",surveys/algebra-discrete.md,surveyed seed; family-level review required,none,this anchor only; no descendant MSC credit
20-S01,20,Group theory and generalizations,"**How many moves does it take to restore a labeled triangle?** Generate its six symmetries using a rotation and one reflection; compare words that act identically. **E/R:** (D_3), generators/relations, and a finite Cayley graph. Objects permits manipulation; Cases is needed to establish completeness and shortest words. Contrast the two orders of rotation and reflection.",surveys/algebra-discrete.md,surveyed seed; family-level review required,none,this anchor only; no descendant MSC credit
20-S02,20,Group theory and generalizations,"**How many genuinely different necklaces are there?** For length-four binary necklaces, decide explicitly whether only rotations or also reflections identify arrangements. Count orbits directly, then by fixed configurations. **E:** finite group action; Burnside averages fixed-point counts. Dividing by the number of symmetries fails when stabilizers vary.",surveys/algebra-discrete.md,surveyed seed; family-level review required,none,this anchor only; no descendant MSC credit
20-S03,20,Group theory and generalizations,"**What information can be forgotten while multiplication still makes sense?** Send a permutation to its parity, or a square symmetry to its action on the two diagonals. **E:** a homomorphism and its kernel. The question is which distinctions can be erased consistently, not merely grouping objects by resemblance.",surveys/algebra-discrete.md,surveyed seed; family-level review required,none,this anchor only; no descendant MSC credit
20-S04,20,Group theory and generalizations,"**What changes when moves are not reversible?** Add a “send every token to one place” operation. **E:** transformation semigroups/monoids, which are included in this MSC field. Compare eventual cycles and transient behavior with the pure permutation case. This changes the mathematical question from Week 3, where every state lies on a cycle.",surveys/algebra-discrete.md,surveyed seed; family-level review required,none,this anchor only; no descendant MSC credit
60-S01,60,Probability theory and stochastic processes,"**Conditioning changes the sample space.** In a finite model, conditional probabilities are ratios within the event learned. Compare drawing a colored counter, learning that it came from a particular bag, and learning information selected by a biased reporting rule. The information-generating procedure is part of the hypotheses.",surveys/applied-probability.md,surveyed seed; family-level review required,none,this anchor only; no descendant MSC credit
60-S02,60,Probability theory and stochastic processes,"**Gambler's ruin.** An independent fair nearest-neighbor walk on integers 0 through N, stopped at an endpoint, hits N with probability i/N from i. Harmonic averaging plus boundary values proves this; biased steps change the answer.",surveys/applied-probability.md,surveyed seed; family-level review required,none,this anchor only; no descendant MSC credit
60-S03,60,Probability theory and stochastic processes,"**Branching and extinction.** Independent identically distributed offspring counts give extinction probability equal to the smallest fixed point of their probability generating function on [0,1]. Mean offspring alone does not describe every generation; the deterministic one-child case is an important exception to careless critical-extinction slogans.",surveys/applied-probability.md,surveyed seed; family-level review required,none,this anchor only; no descendant MSC credit
60-S04,60,Probability theory and stochastic processes,**Mixing versus cycling.** Finite irreducible aperiodic chains converge to their unique stationary distribution. Alternating deterministically between two states has a stationary distribution but no convergence from a single state.,surveys/applied-probability.md,surveyed seed; family-level review required,none,this anchor only; no descendant MSC credit
62-S01,62,Statistics,"**Sampling distributions and estimator choice.** Repeated random samples produce different estimates. In independent sampling, an average can be unbiased while its uncertainty remains appreciable; a convenient or selectively observed sample need not be unbiased.",surveys/applied-probability.md,surveyed seed; family-level review required,none,this anchor only; no descendant MSC credit
62-S02,62,Statistics,"**Randomization tests.** Under a sharp no-treatment-effect null and the actual randomized assignment mechanism, enumerate treatment-label assignments and compare a prespecified statistic. The exact reference distribution comes from the design, not from “everything seems random.”",surveys/applied-probability.md,surveyed seed; family-level review required,none,this anchor only; no descendant MSC credit
62-S03,62,Statistics,"**Interval coverage.** A procedure's confidence level concerns its repeated-sampling coverage. Bootstrap samples draw with replacement from the empirical distribution; a bootstrap interval is not automatically exact, especially with tiny or unrepresentative samples.",surveys/applied-probability.md,surveyed seed; family-level review required,none,this anchor only; no descendant MSC credit
62-S04,62,Statistics,"**Association, confounding, prediction.** Compare a pooled relationship with the within-group relationships, or compare training fit with held-out prediction. More variables or a higher-degree curve can improve fit without improving prediction or supporting a causal conclusion.",surveys/applied-probability.md,surveyed seed; family-level review required,none,this anchor only; no descendant MSC credit
65-S01,65,Numerical analysis,"**Bracketing versus tangent iteration.** Continuity and opposite endpoint signs guarantee a bisection root bracket; each step halves its width. Newton iteration additionally needs derivatives and suitable starting conditions for convergence. For f(x)=x³−2x+2, starting at zero produces 0→1→0 exactly.",surveys/applied-probability.md,surveyed seed; family-level review required,none,this anchor only; no descendant MSC credit
65-S02,65,Numerical analysis,"**Conditioning versus residual.** A small equation residual need not mean a small solution error. In f(x)=εx−1 with ε positive and tiny, changing the right side slightly produces a large absolute change in x; scaling and relative error must be stated.",surveys/applied-probability.md,surveyed seed; family-level review required,none,this anchor only; no descendant MSC credit
65-S03,65,Numerical analysis,"**Time stepping can invent instability.** Euler's update for y′=−ay, a>0, is y[n+1]=(1−ah)y[n]. Decay in magnitude requires 0<ah<2, although the continuous solution always decays. Halving steps is meaningful only alongside an error/stability question.",surveys/applied-probability.md,surveyed seed; family-level review required,none,this anchor only; no descendant MSC credit
68-S01,68,Computer science,"**Finite memory and distinguishable histories.** A deterministic finite automaton recognizing strings whose number of red symbols is divisible by three needs three distinguishable remainder states. A diagram is an exact machine once alphabet, start state, transitions, and acceptance are specified.",surveys/applied-probability.md,surveyed seed; family-level review required,none,this anchor only; no descendant MSC credit
68-S02,68,Computer science,**Recognition versus generation.** Balanced parentheses need unbounded counting depth in the unrestricted problem; a fixed maximum depth admits a finite-state machine. “Our sample machine works” does not settle all lengths.,surveys/applied-probability.md,surveyed seed; family-level review required,none,this anchor only; no descendant MSC credit
68-S03,68,Computer science,**Checking versus finding.** A satisfying assignment to a finite Boolean formula can be checked efficiently. Encoding a family of puzzles as satisfiability is a reduction only after proving both directions and bounding encoding size; a difficult classroom puzzle does not establish NP-hardness.,surveys/applied-probability.md,surveyed seed; family-level review required,none,this anchor only; no descendant MSC credit
68-S04,68,Computer science,"**Diagonal limits.** The halting problem for arbitrary programs is undecidable. A finite collection of small programs can be exhaustively analyzed, so finite testing does not instantiate the unrestricted impossibility theorem.",surveys/applied-probability.md,surveyed seed; family-level review required,none,this anchor only; no descendant MSC credit
70-S01,70,Mechanics of particles and systems,"**Symmetry and conservation.** If a Lagrangian has no dependence on a coordinate, its conjugate momentum is conserved along Euler–Lagrange solutions. Energy conservation similarly requires time-translation symmetry with the appropriate hypotheses.",surveys/applied-probability.md,surveyed seed; family-level review required,none,this anchor only; no descendant MSC credit
70-S02,70,Mechanics of particles and systems,**Normal modes.** Linearization about a stable equilibrium reduces coupled small oscillations to an eigenvalue problem. Two identical masses coupled by springs have collective in-phase and out-of-phase motions.,surveys/applied-probability.md,surveyed seed; family-level review required,none,this anchor only; no descendant MSC credit
70-S03,70,Mechanics of particles and systems,"**Stationary action.** For smooth fixed-endpoint variations, stationary action produces the Euler–Lagrange equations. The physical path need not globally minimize action; “nature always takes the shortest path” is false.",surveys/applied-probability.md,surveyed seed; family-level review required,none,this anchor only; no descendant MSC credit
74-S01,74,Mechanics of deformable solids,**Series versus parallel elasticity.** Ideal Hookean springs in series add compliances; parallel springs add stiffnesses. Equal displacement and equal force are different constraints. This is an exact small network of constitutive laws.,surveys/applied-probability.md,surveyed seed; family-level review required,none,this anchor only; no descendant MSC credit
74-S02,74,Mechanics of deformable solids,"**Stress, strain and anisotropy.** Force is not stress, and extension is not strain. Two geometrically similar specimens with different cross-sections need different loads for the same stress; direction-dependent material response is distinct from geometry-dependent stiffness.",surveys/applied-probability.md,surveyed seed; family-level review required,none,this anchor only; no descendant MSC credit
74-S03,74,Mechanics of deformable solids,**Buckling as loss of stability.** An ideal pinned slender Euler–Bernoulli column first buckles at P=π²EI/L² under its model assumptions. Different end conditions alter the answer; an imperfect strip can bend before the ideal threshold.,surveys/applied-probability.md,surveyed seed; family-level review required,none,this anchor only; no descendant MSC credit
76-S01,76,Fluid mechanics,"**Conservation along a stream tube.** In steady incompressible flow without leaks, volume flux is constant, so mean speed rises when cross-sectional area decreases. Unsteady storage invalidates that shortcut.",surveys/applied-probability.md,surveyed seed; family-level review required,none,this anchor only; no descendant MSC credit
76-S02,76,Fluid mechanics,"**Bernoulli's relation.** For steady inviscid flow with conservative body force, the energy expression is constant along a streamline; equality across different streamlines needs additional assumptions. Faster flow and lower pressure is not a universal law for every experiment.",surveys/applied-probability.md,surveyed seed; family-level review required,none,this anchor only; no descendant MSC credit
76-S03,76,Fluid mechanics,"**Low-Reynolds-number reversibility.** Negligible inertia gives linear Stokes equations. Reciprocal back-and-forth shape changes cannot propel the standard isolated swimmer under the scallop-theorem assumptions. Boundaries, non-Newtonian fluids or extra degrees of freedom change the setting.",surveys/applied-probability.md,surveyed seed; family-level review required,none,this anchor only; no descendant MSC credit
78-S01,78,"Optics, electromagnetic theory","**Reflection and refraction.** Reflecting one endpoint converts a shortest broken path at a flat mirror into a straight-line problem. With different constant speeds in two media, minimizing travel time leads to Snell's law; minimum distance gives the wrong refracted path.",surveys/applied-probability.md,surveyed seed; family-level review required,none,this anchor only; no descendant MSC credit
78-S02,78,"Optics, electromagnetic theory","**Electrostatic boundary problems.** Potentials superpose in a linear fixed-medium model, but conductor boundaries constrain the solution. Discrete harmonic averaging has a maximum principle; its grid model must be distinguished from the continuum Laplace equation.",surveys/applied-probability.md,surveyed seed; family-level review required,none,this anchor only; no descendant MSC credit
78-S03,78,"Optics, electromagnetic theory","**Interference and polarization.** Coherent waves add amplitudes, not intensities. Two equal opposite-phase waves cancel in the ideal linear model. Projections through ideal polarizers depend on angle; adding a middle polarizer can transmit light through an otherwise crossed pair.",surveys/applied-probability.md,surveyed seed; family-level review required,none,this anchor only; no descendant MSC credit
80-S01,80,"Classical thermodynamics, heat transfer","**Path dependence versus state.** Internal energy is a state function, whereas heat and work depend on a process. On a pressure-volume cycle, signed enclosed area is work for the quasistatic idealization.",surveys/applied-probability.md,surveyed seed; family-level review required,none,this anchor only; no descendant MSC credit
80-S02,80,"Classical thermodynamics, heat transfer",**Carnot bound.** A heat engine between reservoirs at absolute temperatures Th>Tc has efficiency at most 1−Tc/Th; reversible engines attain the ideal bound. Celsius ratios and hidden extra reservoirs invalidate the usual calculation.,surveys/applied-probability.md,surveyed seed; family-level review required,none,this anchor only; no descendant MSC credit
80-S03,80,"Classical thermodynamics, heat transfer","**Diffusion and maximum principles.** Source-free heat diffusion smooths temperature differences under appropriate boundary conditions. An insulated body's total heat is conserved; fixed-temperature boundaries exchange heat, so the boundary specification matters.",surveys/applied-probability.md,surveyed seed; family-level review required,none,this anchor only; no descendant MSC credit
81-S01,81,Quantum theory,**Amplitude interference.** Adding state amplitudes and then squaring magnitudes differs from adding classical probabilities. Two real two-component vectors already provide a meaningful restricted calculation; complex relative phases extend it.,surveys/applied-probability.md,surveyed seed; family-level review required,none,this anchor only; no descendant MSC credit
81-S02,81,Quantum theory,"**Measurement order.** Projective measurements in different bases generally do not commute. Specify normalized state, projectors, outcome probabilities and state update; a decorative “quantum coin” omitting these is insufficient.",surveys/applied-probability.md,surveyed seed; family-level review required,none,this anchor only; no descendant MSC credit
81-S03,81,Quantum theory,"**Discrete spectra from boundaries.** A particle in an infinite one-dimensional well has standing-wave eigenstates with energies proportional to n². The boundary conditions, Hamiltonian and normalization are essential, not arbitrary numbering of allowed shapes.",surveys/applied-probability.md,surveyed seed; family-level review required,none,this anchor only; no descendant MSC credit
82-S01,82,"Statistical mechanics, structure of matter","**Multiplicity versus a macrostate.** Counting microstates with a fixed energy or particle total explains why some macrostates are more numerous. Equal likelihood of microstates is an assumption to inspect, not a consequence of counting.",surveys/applied-probability.md,surveyed seed; family-level review required,none,this anchor only; no descendant MSC credit
82-S02,82,"Statistical mechanics, structure of matter",**Competing energy and entropy.** A finite Ising model assigns spins and interaction energy; canonical weights are proportional to exp(−E/kT). Enumerating a four-site system exposes alignment versus multiplicity without claiming a true finite-temperature singular phase transition.,surveys/applied-probability.md,surveyed seed; family-level review required,none,this anchor only; no descendant MSC credit
82-S03,82,"Statistical mechanics, structure of matter",**Thermodynamic limits and correlations.** Large-system limits can be nonanalytic even when every finite partition function is smooth. Mean-field self-consistency and exact low-dimensional models answer different questions and need different qualifications.,surveys/applied-probability.md,surveyed seed; family-level review required,none,this anchor only; no descendant MSC credit
83-S01,83,Relativity and gravitational theory,"**Light cones and invariant interval.** In 1+1 special relativity, c²Δt²−Δx² is invariant under Lorentz transformations. Events may be timelike, null or spacelike separated; arbitrary rotations of a Euclidean drawing do not preserve this interval.",surveys/applied-probability.md,surveyed seed; family-level review required,none,this anchor only; no descendant MSC credit
83-S02,83,Relativity and gravitational theory,**Proper time along paths.** Different timelike worldlines between fixed events can accumulate different proper times. Piecewise inertial paths offer a calculable twin-clock example with square roots and specified turnaround.,surveys/applied-probability.md,surveyed seed; family-level review required,none,this anchor only; no descendant MSC credit
83-S03,83,Relativity and gravitational theory,**Geodesics in curved spacetime.** A metric determines a connection and test-particle geodesics; the Einstein equations additionally determine the metric from matter. Solving motion in a supplied metric is not solving the gravitational field equations.,surveys/applied-probability.md,surveyed seed; family-level review required,none,this anchor only; no descendant MSC credit
85-S01,85,Astronomy and astrophysics,"**Orbit inversion.** In a two-body inverse-square model, period and orbital scale constrain mass; an observed projection does not reveal every orbital parameter. Conics are consequences of the force law, not merely shapes to draw.",surveys/applied-probability.md,surveyed seed; family-level review required,none,this anchor only; no descendant MSC credit
85-S02,85,Astronomy and astrophysics,"**Virial balance.** For a suitable bounded, time-averaged gravitational system, 2⟨T⟩+⟨U⟩=0. This connects velocity dispersion and size to mass; it is not an instantaneous identity for every collapsing cloud.",surveys/applied-probability.md,surveyed seed; family-level review required,none,this anchor only; no descendant MSC credit
85-S03,85,Astronomy and astrophysics,**Jeans instability.** Linearized homogeneous self-gravitating gas balances pressure against gravity; wavelengths beyond its Jeans scale grow in the ideal model. The model's background assumptions and linearization must be explicit.,surveys/applied-probability.md,surveyed seed; family-level review required,none,this anchor only; no descendant MSC credit
86-S01,86,Geophysics,"**Rotating-frame balance.** In a rapidly rotating, slowly evolving large-scale flow, pressure-gradient and Coriolis terms can approximately balance, giving geostrophic flow along pressure contours. Water simply flowing downhill is a misleading default.",surveys/applied-probability.md,surveyed seed; family-level review required,none,this anchor only; no descendant MSC credit
86-S02,86,Geophysics,"**Potential-vorticity conservation.** In an ideal inviscid shallow-water layer, (relative vorticity + Coriolis parameter)/depth is materially conserved. Changing depth or latitude links column stretching and rotation; forcing and friction break the conservation statement.",surveys/applied-probability.md,surveyed seed; family-level review required,none,this anchor only; no descendant MSC credit
86-S03,86,Geophysics,"**Wave-speed inverse problems.** In a layered model with specified ray assumptions, different travel times can reveal interfaces or speeds, but nonuniqueness and incomplete observations remain. Finite ray sums are an honest algebraic special case of a larger inverse problem.",surveys/applied-probability.md,surveyed seed; family-level review required,none,this anchor only; no descendant MSC credit
86-S04,86,Geophysics,"**Depth controls long-wave speed.** Small-amplitude, nonrotating shallow-water gravity waves have speed √(gH) under the long-wavelength approximation. This predicts changes in travel time without equating the wave's motion with the motion of an individual water parcel.",surveys/applied-probability.md,surveyed seed; family-level review required,none,this anchor only; no descendant MSC credit
90-S01,90,"Operations research, mathematical programming","**Convex local-to-global reasoning.** For a convex objective on a convex feasible set, every local minimum is global. Strict convexity ensures at most one minimizer, but neither existence nor feasibility follows automatically.",surveys/applied-probability.md,surveyed seed; family-level review required,none,this anchor only; no descendant MSC credit
90-S02,90,"Operations research, mathematical programming",**Dual bounds as certificates.** A feasible primal maximization allocation and feasible dual resource prices give lower and upper bounds; equality certifies optimality. Strong duality needs its own hypotheses outside ordinary feasible finite linear programs.,surveys/applied-probability.md,surveyed seed; family-level review required,none,this anchor only; no descendant MSC credit
90-S03,90,"Operations research, mathematical programming",**Dynamic programming.** A finite-horizon state captures everything needed for the remaining cost; solve backward by comparing immediate cost plus optimal future cost. A greedy next move can fail when it ignores later resource consequences.,surveys/applied-probability.md,surveyed seed; family-level review required,none,this anchor only; no descendant MSC credit
90-S04,90,"Operations research, mathematical programming","**Integer constraints matter.** A fractional relaxation gives a bound but may not yield an implementable integer allocation. Rounding can violate resource constraints; integrality is a theorem in particular structures, not a general convenience.",surveys/applied-probability.md,surveyed seed; family-level review required,none,this anchor only; no descendant MSC credit
91-S01,91,"Game theory, economics, social and behavioral sciences",**Mixed strategies.** A finite two-player zero-sum game has a minimax value when randomized strategies are allowed. Matching pennies has no pure-strategy equilibrium; making the randomizer observable changes the game.,surveys/applied-probability.md,surveyed seed; family-level review required,none,this anchor only; no descendant MSC credit
91-S02,91,"Game theory, economics, social and behavioral sciences","**Nash equilibrium versus social optimum.** A finite game has a mixed equilibrium, but equilibrium can be inefficient and need not be unique. In a small congestion game, compare unilateral incentives with total cost.",surveys/applied-probability.md,surveyed seed; family-level review required,none,this anchor only; no descendant MSC credit
91-S03,91,"Game theory, economics, social and behavioral sciences","**Coalitions and allocation.** A transferable-utility coalition game specifies what each coalition can obtain. A core allocation must resist every coalition; the core can be empty. A proposed notion of fairness is an axiom choice, not a mathematical universal.",surveys/applied-probability.md,surveyed seed; family-level review required,none,this anchor only; no descendant MSC credit
92-S01,92,Biology and other natural sciences,"**Logistic growth versus exponential growth.** dN/dt=rN(1−N/K), r,K>0, has equilibria 0 and K with different stability. A chosen discrete update can overshoot or become negative; it is not automatically the same population model.",surveys/applied-probability.md,surveyed seed; family-level review required,none,this anchor only; no descendant MSC credit
92-S02,92,Biology and other natural sciences,"**Epidemic thresholds.** In a closed homogeneous-mixing SIR model, infections initially grow when βS(0)>γ under the convention S′=−βSI. Susceptible depletion can stop growth without every individual being infected.",surveys/applied-probability.md,surveyed seed; family-level review required,none,this anchor only; no descendant MSC credit
92-S03,92,Biology and other natural sciences,"**Genetic drift versus selection.** Randomly sampling the next finite generation can eliminate an allele even when its expected fraction is unchanged. Selection, mutation and population size are separate parameters, not explanations to interchange casually.",surveys/applied-probability.md,surveyed seed; family-level review required,none,this anchor only; no descendant MSC credit
92-S04,92,Biology and other natural sciences,**Stoichiometry and reaction rates.** A reaction network has conserved linear combinations of species counts; mass-action rates then determine dynamics. Atom bookkeeping alone does not establish a reaction's speed or equilibrium.,surveys/applied-probability.md,surveyed seed; family-level review required,none,this anchor only; no descendant MSC credit
93-S01,93,Systems theory; control,"**Feedback gain and stability.** In x[n+1]=ax[n]+u[n], choosing u[n]=−kx[n] produces multiplier a−k. Convergence to zero requires |a−k|<1. Stronger correction can create oscillation or divergence.",surveys/applied-probability.md,surveyed seed; family-level review required,none,this anchor only; no descendant MSC credit
93-S02,93,Systems theory; control,"**Reachability.** For a finite-dimensional linear time-invariant system, the columns B, AB, …, A^(n−1)B determine its reachable directions. Missing directions cannot be repaired merely by trying more controls.",surveys/applied-probability.md,surveyed seed; family-level review required,none,this anchor only; no descendant MSC credit
93-S03,93,Systems theory; control,**Observability.** Distinct internal states can generate the same measured output sequence. A sensor that reads the sum of two identical independent modes may fail to reveal their difference; adding a second sensor can remove that ambiguity.,surveys/applied-probability.md,surveyed seed; family-level review required,none,this anchor only; no descendant MSC credit
94-S01,94,"Information and communication, circuits","**Variable-length coding.** Unequal message probabilities can make unequal codeword lengths efficient, but unique decoding matters. Prefix-free binary codewords form leaves of a binary tree; allowing a codeword to prefix another can introduce ambiguity.",surveys/applied-probability.md,surveyed seed; family-level review required,none,this anchor only; no descendant MSC credit
94-S02,94,"Information and communication, circuits",**Error detection versus correction.** Minimum Hamming distance d detects every error pattern of fewer than d changed bits and corrects every pattern of at most floor((d−1)/2) errors by nearest codeword. The assumed error model is essential.,surveys/applied-probability.md,surveyed seed; family-level review required,none,this anchor only; no descendant MSC credit
94-S03,94,"Information and communication, circuits",**Capacity versus finite performance.** Shannon's noisy-channel theorem concerns asymptotic reliable transmission below capacity under its channel assumptions; a particular short repetition code does not reach the theorem's guarantee.,surveys/applied-probability.md,surveyed seed; family-level review required,none,this anchor only; no descendant MSC credit
94-S04,94,"Information and communication, circuits",**Circuit laws and transients.** Kirchhoff conservation plus component laws give a solvable linear resistive network; capacitors introduce state and RC transients. This deserves a separate circuit strand rather than being swallowed by communication games.,surveys/applied-probability.md,surveyed seed; family-level review required,none,this anchor only; no descendant MSC credit
97-S01,97,Mathematics education: research-support disposition,"**Representation and transfer.** Compare the same mathematical relation represented by objects, diagrams and symbols. Similar surface performance need not mean that a child recognizes the shared structure.",surveys/applied-probability.md,surveyed seed; family-level review required,none,this anchor only; no descendant MSC credit
97-S02,97,Mathematics education: research-support disposition,"**Participation and proof.** Record independent examples, counterexamples and explanations, alongside hints and adult assistance. Solving quickly and understanding generally are separate observations.",surveys/applied-probability.md,surveyed seed; family-level review required,none,this anchor only; no descendant MSC credit
97-S03,97,Mathematics education: research-support disposition,"**Design and assessment.** Revise a task in response to observed obstacles, preserving version and context. A repeated success with one group supports local feasibility; it does not justify universal grade labels or causal effects.",surveys/applied-probability.md,surveyed seed; family-level review required,none,this anchor only; no descendant MSC credit
22-S01,22,"Topological groups, Lie groups",Plane rotations about one fixed center obey `R(a)R(b)=R(a+b)` for all real angles; the parameter is taken modulo a full turn.,surveys/geometry-analysis.md,surveyed seed; family-level review required,none,this anchor only; no descendant MSC credit
22-S02,22,"Topological groups, Lie groups",Rotations about different axes in three dimensions generally do not commute: quarter-turns about the x- and y-axes already distinguish the two orders.,surveys/geometry-analysis.md,surveyed seed; family-level review required,none,this anchor only; no descendant MSC credit
22-S03,22,"Topological groups, Lie groups","For real skew-symmetric matrices A, `exp(tA)` is orthogonal with determinant one; differentiation recovers the generator.",surveys/geometry-analysis.md,surveyed seed; family-level review required,none,this anchor only; no descendant MSC credit
22-S04,22,"Topological groups, Lie groups","Unit quaternions act on imaginary quaternions by conjugation, giving the two-to-one map onto SO(3), with kernel `{1,−1}`. [Woit, *Quantum Theory, Groups and Representations*, chapters 4–6](https://www.math.columbia.edu/~woit/QMbook/qmbook-latest.pdf).",surveys/geometry-analysis.md,surveyed seed; family-level review required,none,this anchor only; no descendant MSC credit
26-S01,26,Real functions,"A continuous real function on `[a,b]` assumes every value between its endpoint values.",surveys/geometry-analysis.md,surveyed seed; family-level review required,none,this anchor only; no descendant MSC credit
26-S02,26,Real functions,Such a function attains its maximum and minimum.,surveys/geometry-analysis.md,surveyed seed; family-level review required,none,this anchor only; no descendant MSC credit
26-S03,26,Real functions,"If continuous on `[a,b]` and differentiable on `(a,b)`, it has a point where instantaneous slope equals the secant slope.",surveys/geometry-analysis.md,surveyed seed; family-level review required,none,this anchor only; no descendant MSC credit
26-S04,26,Real functions,"Continuous functions can converge pointwise to a discontinuous function: `x^n` on `[0,1]`; uniform convergence would preserve continuity. [Lebl, *Basic Analysis I*, §§3.3, 4.2, 6.1–6.2](https://www.jirka.org/ra/realanal.pdf).",surveys/geometry-analysis.md,surveyed seed; family-level review required,none,this anchor only; no descendant MSC credit
28-S01,28,Measure and integration,A countable subset of the real line has Lebesgue measure zero: cover its nth point by an interval of length at most `ε/2^n`.,surveys/geometry-analysis.md,surveyed seed; family-level review required,none,this anchor only; no descendant MSC credit
28-S02,28,Measure and integration,The middle-thirds Cantor set is uncountable but has length zero; its nth cover has length `(2/3)^n`.,surveys/geometry-analysis.md,surveyed seed; family-level review required,none,this anchor only; no descendant MSC credit
28-S03,28,Measure and integration,"For measurable `0≤f_n↑f`, integrals increase to the integral of f, allowing infinity.",surveys/geometry-analysis.md,surveyed seed; family-level review required,none,this anchor only; no descendant MSC credit
28-S04,28,Measure and integration,"For measurable f_n with a fixed integrable bound `|f_n|≤g`, almost-everywhere convergence permits exchanging integral and limit. [Axler, *Measure, Integration & Real Analysis*, §§2A, 2D, 3A–3B](https://measure.axler.net/MIRA.pdf).",surveys/geometry-analysis.md,surveyed seed; family-level review required,none,this anchor only; no descendant MSC credit
30-S01,30,Functions of a complex variable,Multiplication by nonzero `re^{iθ}` scales all lengths by r and rotates all angles by θ.,surveys/geometry-analysis.md,surveyed seed; family-level review required,none,this anchor only; no descendant MSC credit
30-S02,30,Functions of a complex variable,A nonconstant holomorphic function on a connected open set has no interior local maximum of its modulus.,surveys/geometry-analysis.md,surveyed seed; family-level review required,none,this anchor only; no descendant MSC credit
30-S03,30,Functions of a complex variable,"For a function holomorphic on a neighborhood of a closed Jordan region, with no zeros on its positively oriented boundary, the change in argument counts enclosed zeros with multiplicity.",surveys/geometry-analysis.md,surveyed seed; family-level review required,none,this anchor only; no descendant MSC credit
30-S04,30,Functions of a complex variable,"`z↦z²` doubles argument and squares modulus, so a full target circuit exchanges the two square-root branches. [Lebl, *Guide to Cultivating Complex Analysis*, §§1.2, 3.3, 5.1 and chapter 10](https://www.jirka.org/ca/ca.pdf).",surveys/geometry-analysis.md,surveyed seed; family-level review required,none,this anchor only; no descendant MSC credit
31-S01,31,Potential theory,A C² harmonic function has its center value equal to its average over every contained sphere or ball.,surveys/geometry-analysis.md,surveyed seed; family-level review required,none,this anchor only; no descendant MSC credit
31-S02,31,Potential theory,A continuous function with this local mean-value property is smooth and harmonic.,surveys/geometry-analysis.md,surveyed seed; family-level review required,none,this anchor only; no descendant MSC credit
31-S03,31,Potential theory,"On a bounded connected domain, a harmonic function continuous on the closure cannot exceed its boundary maximum; an interior maximum forces constancy. These hypotheses and the reverse direction are inspected in [Hunter, *Notes on PDE*, §§2.1 and 2.3, Theorems 2.1–2.2](https://math.ucdavis.edu/~hunter/pdes/pde_notes.pdf).",surveys/geometry-analysis.md,surveyed seed; family-level review required,none,this anchor only; no descendant MSC credit
31-S04,31,Potential theory,"A small exact discrete counterpart: on a finite connected graph with nonempty fixed boundary, interior vertices equal to their neighbor averages have at most one solution, because a positive difference maximum propagates to the boundary.",surveys/geometry-analysis.md,surveyed seed; family-level review required,none,this anchor only; no descendant MSC credit
32-S01,32,Several complex variables and analytic spaces,"For `n≥2`, if U is a domain in Cⁿ, K is compact in U, and `U\K` is connected, every holomorphic function on `U\K` extends holomorphically to U (Hartogs).",surveys/geometry-analysis.md,surveyed seed; family-level review required,none,this anchor only; no descendant MSC credit
32-S02,32,Several complex variables and analytic spaces,The unit ball and unit bidisc in C² are not biholomorphic.,surveys/geometry-analysis.md,surveyed seed; family-level review required,none,this anchor only; no descendant MSC credit
32-S03,32,Several complex variables and analytic spaces,"A nonempty zero set of a holomorphic scalar function on a domain in Cⁿ, `n≥2`, cannot be compact. [Lebl, *Tasty Bits of Several Complex Variables*, Theorem 4.3.1, Corollary 4.3.2, §1.4/Theorem 1.4.4](https://www.jirka.org/scv/scv.pdf).",surveys/geometry-analysis.md,surveyed seed; family-level review required,none,this anchor only; no descendant MSC credit
33-S01,33,Special functions,"Chebyshev polynomials satisfy `T_n(cos θ)=cos(nθ)`, with `T_0=1`, `T_1=x`, and `T_(n+1)=2xT_n−T_(n−1)`.",surveys/geometry-analysis.md,surveyed seed; family-level review required,none,this anchor only; no descendant MSC credit
33-S02,33,Special functions,"The gamma function extends factorial values: for positive real x, `Γ(x+1)=xΓ(x)` and `Γ(1)=1`.",surveys/geometry-analysis.md,surveyed seed; family-level review required,none,this anchor only; no descendant MSC credit
33-S03,33,Special functions,"Bessel's equation `x²y''+xy'+(x²−ν²)y=0` supplies radial modes for circular geometry, rather than ordinary sine waves. Exact references: [NIST DLMF 18.5.1 and §18.9](https://dlmf.nist.gov/18.5), [5.5.1](https://dlmf.nist.gov/5.5), [10.2.1](https://dlmf.nist.gov/10.2).",surveys/geometry-analysis.md,surveyed seed; family-level review required,none,this anchor only; no descendant MSC credit
34-S01,34,Ordinary differential equations,"A continuous vector field locally Lipschitz in the dependent variable gives a unique local initial-value solution. [Teschl, *Ordinary Differential Equations and Dynamical Systems*, §2.2, Theorem 2.2](https://www.mat.univie.ac.at/~gerald/ftp/book-ode/ode.pdf). Small exact examples:",surveys/geometry-analysis.md,surveyed seed; family-level review required,none,this anchor only; no descendant MSC credit
34-S02,34,Ordinary differential equations,"`y'=y², y(0)=1` has `y=1/(1−t)` only up to its finite blow-up time.",surveys/geometry-analysis.md,surveyed seed; family-level review required,none,this anchor only; no descendant MSC credit
34-S03,34,Ordinary differential equations,"`y'=2√y, y(0)=0`, restricted to nonnegative y and forward time, permits waiting until any c≥0 then taking `y=(t−c)²`.",surveys/geometry-analysis.md,surveyed seed; family-level review required,none,this anchor only; no descendant MSC credit
34-S04,34,Ordinary differential equations,"`y'=y(1−y)` has equilibria 0 and 1, with upward motion between them and downward motion above 1.",surveys/geometry-analysis.md,surveyed seed; family-level review required,none,this anchor only; no descendant MSC credit
35-S01,35,Partial differential equations,"For C² profiles F and G, `u(x,t)=F(x−ct)+G(x+ct)` solves the one-dimensional wave equation `u_tt=c²u_xx`.",surveys/geometry-analysis.md,surveyed seed; family-level review required,none,this anchor only; no descendant MSC credit
35-S02,35,Partial differential equations,"On `[0,π]`, `u=e^(−t)sin x` solves `u_t=u_xx` with zero endpoint values, retaining its shape while decaying.",surveys/geometry-analysis.md,surveyed seed; family-level review required,none,this anchor only; no descendant MSC credit
35-S03,35,Partial differential equations,"A small exact Burgers example: `u(x,t)=−x/(1−t)` solves `u_t+uu_x=0` for t<1 with initial profile `u(x,0)=−x`; characteristics `x(t)=ξ(1−t)` collide at t=1.",surveys/geometry-analysis.md,surveyed seed; family-level review required,none,this anchor only; no descendant MSC credit
35-S04,35,Partial differential equations,"The harmonic maximum principle provides uniqueness for continuous Dirichlet data whenever a sufficiently regular solution exists. [Hunter, *Notes on PDE*, §§2.3, 5.1, and 7.1; the displayed Burgers example is checked directly by differentiation](https://math.ucdavis.edu/~hunter/pdes/pde_notes.pdf).",surveys/geometry-analysis.md,surveyed seed; family-level review required,none,this anchor only; no descendant MSC credit
37-S01,37,Dynamical systems and ergodic theory,Circle rotation by a rational fraction of a turn is periodic; an irrational rotation has dense orbits.,surveys/geometry-analysis.md,surveyed seed; family-level review required,none,this anchor only; no descendant MSC credit
37-S02,37,Dynamical systems and ergodic theory,"For `f_r(x)=rx(1−x)`, the fixed point `1−1/r` is locally attracting for `1<r<3`, since its derivative is `2−r`.",surveys/geometry-analysis.md,surveyed seed; family-level review required,none,this anchor only; no descendant MSC credit
37-S03,37,Dynamical systems and ergodic theory,The tent map `T(x)=2x` below 1/2 and `2−2x` above it stretches intervals and folds them; finite itineraries can be built by inverse branches.,surveys/geometry-analysis.md,surveyed seed; family-level review required,none,this anchor only; no descendant MSC credit
37-S04,37,Dynamical systems and ergodic theory,"A probability-preserving transformation on a finite measure space returns almost every point of a measurable set to it infinitely often. For iteration, symbolic dynamics, and attractors, see [Teschl, chapter 11, especially §§11.3–11.5](https://www.mat.univie.ac.at/~gerald/ftp/book-ode/ode.pdf); recurrence is an advanced frontier anchor requiring a dedicated proof source before lesson production.",surveys/geometry-analysis.md,surveyed seed; family-level review required,none,this anchor only; no descendant MSC credit
39-S01,39,Difference and functional equations,Every solution on nonnegative integers of `a_(n+2)−2a_(n+1)+a_n=0` is `a_n=A+Bn`.,surveys/geometry-analysis.md,surveyed seed; family-level review required,none,this anchor only; no descendant MSC credit
39-S02,39,Difference and functional equations,"For `a_(n+1)=ra_n+b`, subtracting a fixed point reduces the problem to a geometric sequence when `r≠1`.",surveys/geometry-analysis.md,surveyed seed; family-level review required,none,this anchor only; no descendant MSC credit
39-S03,39,Difference and functional equations,"Additivity `f(x+y)=f(x)+f(y)` on Q forces `f(q)=qf(1)`. On R this conclusion follows with continuity at one point, but fails without suitable regularity.",surveys/geometry-analysis.md,surveyed seed; family-level review required,none,this anchor only; no descendant MSC credit
39-S04,39,Difference and functional equations,"A continuous positive function satisfying `f(x+y)=f(x)f(y)` on R is exponential. The regularity problem is discussed in [Reem, *Remarks on the Cauchy functional equation and variations of it*, introduction and §2](https://arxiv.org/pdf/1002.3721).",surveys/geometry-analysis.md,surveyed seed; family-level review required,none,this anchor only; no descendant MSC credit
40-S01,40,"Sequences, series, summability","`1+1/2+1/4+…=2`, because the partial-sum remainder is an explicit power of 1/2.",surveys/geometry-analysis.md,surveyed seed; family-level review required,none,this anchor only; no descendant MSC credit
40-S02,40,"Sequences, series, summability",The harmonic series diverges by grouping blocks whose sum is at least 1/2.,surveys/geometry-analysis.md,surveyed seed; family-level review required,none,this anchor only; no descendant MSC credit
40-S03,40,"Sequences, series, summability","The ordinary partial sums of `1−1+1−1+…` alternate, but their arithmetic means tend to 1/2.",surveys/geometry-analysis.md,surveyed seed; family-level review required,none,this anchor only; no descendant MSC credit
40-S04,40,"Sequences, series, summability","Every convergent sequence has arithmetic means converging to the same limit; the converse fails. General series rules and convergence hypotheses: [Lebl, *Basic Analysis I*, §§2.5–2.6](https://www.jirka.org/ra/realanal.pdf). Fourier summability gives a distinct application in [Stroock, *Topics in Fourier Analysis*, §5](https://ocw.mit.edu/courses/res-18-015-topics-in-fourier-analysis-spring-2024/mitres_18_015_s24_full_lec.pdf).",surveys/geometry-analysis.md,surveyed seed; family-level review required,none,this anchor only; no descendant MSC credit
41-S01,41,Approximation and expansions,"For continuous real f on a compact nondegenerate interval, there is a unique best uniform approximating polynomial of degree at most n. Alternating maximal error at n+2 ordered points certifies optimality. [NIST DLMF §3.11(i)](https://dlmf.nist.gov/3.11). Small exact examples:",surveys/geometry-analysis.md,surveyed seed; family-level review required,none,this anchor only; no descendant MSC credit
41-S02,41,Approximation and expansions,"The best constant approximation to `x²` on `[-1,1]` is 1/2, error 1/2: values at 0 and 1 force that lower bound.",surveys/geometry-analysis.md,surveyed seed; family-level review required,none,this anchor only; no descendant MSC credit
41-S03,41,Approximation and expansions,"The best uniform affine approximation to `x²` is also 1/2, by symmetry and the same bound.",surveys/geometry-analysis.md,surveyed seed; family-level review required,none,this anchor only; no descendant MSC credit
41-S04,41,Approximation and expansions,Linear interpolation of a C² function on an interval of length h has error at most `h² sup|f''|/8`.,surveys/geometry-analysis.md,surveyed seed; family-level review required,none,this anchor only; no descendant MSC credit
42-S01,42,Harmonic analysis on Euclidean spaces,Integer-frequency complex exponentials are orthogonal on a full unit period.,surveys/geometry-analysis.md,surveyed seed; family-level review required,none,this anchor only; no descendant MSC credit
42-S02,42,Harmonic analysis on Euclidean spaces,"For integrable functions on the circle, Fourier coefficients of their circular convolution multiply.",surveys/geometry-analysis.md,surveyed seed; family-level review required,none,this anchor only; no descendant MSC credit
42-S03,42,Harmonic analysis on Euclidean spaces,"Fejér means of a continuous periodic function converge uniformly to that function, even when ordinary partial sums are not the appropriate convergence method.",surveys/geometry-analysis.md,surveyed seed; family-level review required,none,this anchor only; no descendant MSC credit
42-S04,42,Harmonic analysis on Euclidean spaces,"Two continuous oscillations whose frequencies differ by an integer multiple of the sampling rate give the same equally spaced samples. Orthogonality, convolution, and Fejér's positive averaging kernel: [Stroock, *Topics in Fourier Analysis*, §§1–5, especially formula (5.1)](https://ocw.mit.edu/courses/res-18-015-topics-in-fourier-analysis-spring-2024/mitres_18_015_s24_full_lec.pdf).",surveys/geometry-analysis.md,surveyed seed; family-level review required,none,this anchor only; no descendant MSC credit
43-S01,43,Abstract harmonic analysis,"For a finite abelian group, its complex characters form an orthogonal basis of functions on the group, with normalized counting inner product.",surveys/geometry-analysis.md,surveyed seed; family-level review required,none,this anchor only; no descendant MSC credit
43-S02,43,Abstract harmonic analysis,Translation becomes multiplication by character values under Fourier transformation.,surveys/geometry-analysis.md,surveyed seed; family-level review required,none,this anchor only; no descendant MSC credit
43-S03,43,Abstract harmonic analysis,"On `(Z/2Z)^n`, characters are sign patterns `(-1)^(a·x)`, producing the Walsh transform.",surveys/geometry-analysis.md,surveyed seed; family-level review required,none,this anchor only; no descendant MSC credit
43-S04,43,Abstract harmonic analysis,"For the circle group, continuous characters are `z↦z^n`, indexed by integers, so the dual is discrete rather than another circle. [Dandavati, *The Fourier Transform on Finite Groups: Theory and Computation*, §3, Theorems 3.5–3.8 and Remark 3.7](https://math.uchicago.edu/~may/REU2018/REUPapers/Dandavati.pdf).",surveys/geometry-analysis.md,surveyed seed; family-level review required,none,this anchor only; no descendant MSC credit
44-S01,44,"Integral transforms, operational calculus","For piecewise continuous functions of exponential order, one-sided Laplace transforms exist in a suitable right half-plane.",surveys/geometry-analysis.md,surveyed seed; family-level review required,none,this anchor only; no descendant MSC credit
44-S02,44,"Integral transforms, operational calculus","With appropriate differentiability and exponential bounds, `L(f')=sL(f)−f(0)`.",surveys/geometry-analysis.md,surveyed seed; family-level review required,none,this anchor only; no descendant MSC credit
44-S03,44,"Integral transforms, operational calculus","Causal convolution transforms into multiplication where the integrals converge absolutely. These rules and regions of convergence are explicit in [Boyd, EE102 Lecture 3, slides 3–2 through 3–7 and 3–27 through 3–29](https://web.stanford.edu/class/ee102k/laplace.pdf). Small exact example:",surveys/geometry-analysis.md,surveyed seed; family-level review required,none,this anchor only; no descendant MSC credit
44-S04,44,"Integral transforms, operational calculus","Convolving two unit interval indicator functions produces a triangular tent supported on `[0,2]`.",surveys/geometry-analysis.md,surveyed seed; family-level review required,none,this anchor only; no descendant MSC credit
45-S01,45,Integral equations,`u(x)=1+λ∫u(t)dt` has constant solution `1/(1−λ)` for λ≠1 and no solution for λ=1.,surveys/geometry-analysis.md,surveyed seed; family-level review required,none,this anchor only; no descendant MSC credit
45-S02,45,Integral equations,`u(x)=λ∫u(t)dt` has only zero for λ≠1 and every constant for λ=1.,surveys/geometry-analysis.md,surveyed seed; family-level review required,none,this anchor only; no descendant MSC credit
45-S03,45,Integral equations,`u(x)=1+∫_0^x u(t)dt` gives `u=e^x`; differentiating is justified once u is continuous.,surveys/geometry-analysis.md,surveyed seed; family-level review required,none,this anchor only; no descendant MSC credit
45-S04,45,Integral equations,"For compact K on a Hilbert space, `I+K` is invertible exactly when its nullspace is zero; otherwise solvability requires orthogonality to the adjoint nullspace. [O'Neil, *Integral Equations and Fast Algorithms*, Fredholm Alternative, Theorem 3, printed p.54](https://cims.nyu.edu/~oneil/courses/fa17-math2011/int_eq_notes_2017.pdf).",surveys/geometry-analysis.md,surveyed seed; family-level review required,none,this anchor only; no descendant MSC credit
46-S01,46,Functional analysis,A nonempty closed convex subset of a Hilbert space has a unique nearest point to each point of the ambient space.,surveys/geometry-analysis.md,surveyed seed; family-level review required,none,this anchor only; no descendant MSC credit
46-S02,46,Functional analysis,Projection onto a closed linear subspace is characterized by orthogonality of the residual.,surveys/geometry-analysis.md,surveyed seed; family-level review required,none,this anchor only; no descendant MSC credit
46-S03,46,Functional analysis,A contraction of a nonempty complete metric space has a unique fixed point; successive approximations converge geometrically.,surveys/geometry-analysis.md,surveyed seed; family-level review required,none,this anchor only; no descendant MSC credit
46-S04,46,Functional analysis,"A bounded linear functional on a Hilbert space is inner product with one unique vector. [Axler, *Measure, Integration & Real Analysis*, chapter 8, especially closed subspaces and Riesz representation](https://measure.axler.net/MIRA.pdf); [Lebl, *Basic Analysis I*, §7.6](https://www.jirka.org/ra/realanal.pdf).",surveys/geometry-analysis.md,surveyed seed; family-level review required,none,this anchor only; no descendant MSC credit
47-S01,47,Operator theory,"Compact normal operators on complex Hilbert spaces have orthonormal eigenvector bases. [Axler, *Measure, Integration & Real Analysis*, Theorem 10.107](https://measure.axler.net/MIRA.pdf). Small exact contrasts:",surveys/geometry-analysis.md,surveyed seed; family-level review required,none,this anchor only; no descendant MSC credit
47-S02,47,Operator theory,"The right shift on `ℓ²`, `(a_0,a_1,…)↦(0,a_0,a_1,…)`, preserves norm but is not onto.",surveys/geometry-analysis.md,surveyed seed; family-level review required,none,this anchor only; no descendant MSC credit
47-S03,47,Operator theory,"Differentiation on polynomials is linear but unbounded in the sup norm on `[0,1]`, since `||x^n||∞=1` and `||(x^n)'||∞=n`.",surveys/geometry-analysis.md,surveyed seed; family-level review required,none,this anchor only; no descendant MSC credit
47-S04,47,Operator theory,"If bounded T has operator norm below one, the geometric operator series gives `(I−T)⁻¹=ΣT^n`.",surveys/geometry-analysis.md,surveyed seed; family-level review required,none,this anchor only; no descendant MSC credit
49-S01,49,Calculus of variations and optimal control,"For a sufficiently smooth integrand L and C² extremizer with fixed endpoints, first variation yields `d/dx L_(y')=L_y`; this is necessary, not sufficient.",surveys/geometry-analysis.md,surveyed seed; family-level review required,none,this anchor only; no descendant MSC credit
49-S02,49,Calculus of variations and optimal control,"The shortest rectifiable Euclidean path between two points is the segment, by the triangle inequality.",surveys/geometry-analysis.md,surveyed seed; family-level review required,none,this anchor only; no descendant MSC credit
49-S03,49,Calculus of variations and optimal control,"A frictionless bead released from rest under uniform gravity leads to the brachistochrone time integral; its Euler–Lagrange extremals are cycloidal arcs with appropriate endpoints. [UCL MATH0043, §2, “The Brachistochrone”](https://www.homepages.ucl.ac.uk/~ucahmto/latex_html/pandoc_chapter2.html).",surveys/geometry-analysis.md,surveyed seed; family-level review required,none,this anchor only; no descendant MSC credit
49-S04,49,Calculus of variations and optimal control,"A small control problem: for `x'=u`, `|u|≤1`, moving from 0 to a>0 takes at least a time units, achieved by u=1 almost everywhere.",surveys/geometry-analysis.md,surveyed seed; family-level review required,none,this anchor only; no descendant MSC credit
51-S01,51,Geometry,"For endpoints in the same open half-plane, reflecting one endpoint across a straight mirror converts the shortest one-bounce Euclidean path to a straight segment, provided its crossing lies in the allowed mirror segment.",surveys/geometry-analysis.md,surveyed seed; family-level review required,none,this anchor only; no descendant MSC credit
51-S02,51,Geometry,In a Euclidean triangle the angles sum to π; in a hyperbolic triangle the sum is strictly smaller.,surveys/geometry-analysis.md,surveyed seed; family-level review required,none,this anchor only; no descendant MSC credit
51-S03,51,Geometry,"Circle inversion sends circles or lines to circles or lines, with a circle through the inversion center becoming a line.",surveys/geometry-analysis.md,surveyed seed; family-level review required,none,this anchor only; no descendant MSC credit
51-S04,51,Geometry,"A Euclidean composition of two reflections in intersecting lines is a rotation by twice their directed angle. [Petrunin, *Euclidean Plane and Its Relatives*, §§5D, 7C, 10B, 11B–C, and 13D](https://arxiv.org/pdf/1302.1630).",surveys/geometry-analysis.md,surveyed seed; family-level review required,none,this anchor only; no descendant MSC credit
52-S01,52,Convex and discrete geometry,Any d+2 points in Rᵈ admit a partition into two nonempty parts with intersecting convex hulls (Radon).,surveys/geometry-analysis.md,surveyed seed; family-level review required,none,this anchor only; no descendant MSC credit
52-S02,52,Convex and discrete geometry,"If every d+1 members of a finite family of at least d+1 convex sets in Rᵈ intersect, all members intersect (Helly).",surveys/geometry-analysis.md,surveyed seed; family-level review required,none,this anchor only; no descendant MSC credit
52-S03,52,Convex and discrete geometry,Every point in a convex hull in Rᵈ is a convex combination of at most d+1 original points (Carathéodory).,surveys/geometry-analysis.md,surveyed seed; family-level review required,none,this anchor only; no descendant MSC credit
52-S04,52,Convex and discrete geometry,"Disjoint compact convex sets can be strictly separated by a hyperplane. [Hug and Weil, *A Course on Convex Geometry*, §§1.2 and 1.4; Theorems 1.2.1–1.2.4](https://users.fmf.uni-lj.si/lavric/hug%26weil.pdf).",surveys/geometry-analysis.md,surveyed seed; family-level review required,none,this anchor only; no descendant MSC credit
53-S01,53,Differential geometry,A circle of radius r has curvature `1/r`; bending a plane into a cylinder preserves intrinsic distances locally but changes its extrinsic appearance.,surveys/geometry-analysis.md,surveyed seed; family-level review required,none,this anchor only; no descendant MSC credit
53-S02,53,Differential geometry,Nonantipodal points on a round sphere have a unique shortest great-circle arc.,surveys/geometry-analysis.md,surveyed seed; family-level review required,none,this anchor only; no descendant MSC credit
53-S03,53,Differential geometry,"A convex geodesic triangle on the unit sphere contained in an open hemisphere, has area equal to its angle sum minus π.",surveys/geometry-analysis.md,surveyed seed; family-level review required,none,this anchor only; no descendant MSC credit
53-S04,53,Differential geometry,"Parallel transport around such a triangle rotates a tangent direction by its signed spherical area modulo 2π. [Petrunin and Zamora Barrera, *What Is Differential Geometry?*, chapters 14–18, especially 16 and 17C](https://arxiv.org/pdf/2012.11814).",surveys/geometry-analysis.md,surveyed seed; family-level review required,none,this anchor only; no descendant MSC credit
54-S01,54,General topology,A continuous image of a connected space is connected.,surveys/geometry-analysis.md,surveyed seed; family-level review required,none,this anchor only; no descendant MSC credit
54-S02,54,General topology,A continuous image of a compact space is compact.,surveys/geometry-analysis.md,surveyed seed; family-level review required,none,this anchor only; no descendant MSC credit
54-S03,54,General topology,A continuous bijection from compact X to Hausdorff Y has continuous inverse.,surveys/geometry-analysis.md,surveyed seed; family-level review required,none,this anchor only; no descendant MSC credit
54-S04,54,General topology,"The closure of `{(x,sin(1/x)):0<x≤1}` is connected but not path connected. [Sharifi, *Point-Set Topology*, chapter 3, especially Proposition 3.1.8 and connected/compact-space sections](https://www.math.ucla.edu/~sharifi/notes/topology-ch03.html).",surveys/geometry-analysis.md,surveyed seed; family-level review required,none,this anchor only; no descendant MSC credit
55-S01,55,Algebraic topology,Loops in a circle based at one point have an integer winding number; concatenation adds it.,surveys/geometry-analysis.md,surveyed seed; family-level review required,none,this anchor only; no descendant MSC credit
55-S02,55,Algebraic topology,A connected finite graph with V vertices and E edges has E−V+1 independent cycles.,surveys/geometry-analysis.md,surveyed seed; family-level review required,none,this anchor only; no descendant MSC credit
55-S03,55,Algebraic topology,The alternating cell count of a finite CW complex equals the alternating ranks of its homology groups.,surveys/geometry-analysis.md,surveyed seed; family-level review required,none,this anchor only; no descendant MSC credit
55-S04,55,Algebraic topology,"Every continuous map `S²→R²` identifies an antipodal pair; the `S¹→R` case follows from the intermediate value theorem. [Hatcher, *Algebraic Topology*, §1.1, Theorem 1.10, §2.2/Theorem 2.44, and §2.B](https://pi.math.cornell.edu/~hatcher/AT/AT.pdf).",surveys/geometry-analysis.md,surveyed seed; family-level review required,none,this anchor only; no descendant MSC credit
57-S01,57,Manifolds and cell complexes,"Connected compact surfaces without boundary are classified by orientability and genus: sphere with g handles, or sphere with k crosscaps. [Sahoo, *Surfaces*, §8, classification theorem/corollary, pp.17–19](https://e.math.cornell.edu/people/Nikhil_Sahoo/files/math-circles/surfaces.pdf).",surveys/geometry-analysis.md,surveyed seed; family-level review required,none,this anchor only; no descendant MSC credit
57-S02,57,Manifolds and cell complexes,Reidemeister moves preserve the number of Fox 3-colorings of a knot diagram; a nonconstant trefoil coloring distinguishes it from the unknot.,surveys/geometry-analysis.md,surveyed seed; family-level review required,none,this anchor only; no descendant MSC credit
57-S03,57,Manifolds and cell complexes,"A Möbius band has one boundary component and reverses transverse orientation along its central loop; an annulus has two boundary components and preserves orientation. Knot invariance is developed in [Kauffman, *Knots*, “Three Colored Trefoil,” Figures 12–14 and accompanying theorem](https://homepages.math.uic.edu/~kauffman/Tots/Knots).",surveys/geometry-analysis.md,surveyed seed; family-level review required,none,this anchor only; no descendant MSC credit
58-S01,58,"Global analysis, analysis on manifolds","Near a nondegenerate critical point of a smooth real function, local coordinates make the function a constant plus a sum of positive and negative squares (Morse lemma).",surveys/geometry-analysis.md,surveyed seed; family-level review required,none,this anchor only; no descendant MSC credit
58-S02,58,"Global analysis, analysis on manifolds","A smooth map from a compact manifold slab to `[a,b]`, with boundary at the endpoints and no critical points, has diffeomorphic level surfaces throughout.",surveys/geometry-analysis.md,surveyed seed; family-level review required,none,this anchor only; no descendant MSC credit
58-S03,58,"Global analysis, analysis on manifolds","Crossing one nondegenerate critical point of index k changes the sublevel homotopy type by attaching a k-cell, under compactness and isolated-critical-value hypotheses. [Gillespie, *Morse Theory Notes*, Lemma 1.12, Theorem 2.9, §3](https://web.math.utk.edu/~afreire/teaching/m663f21/Morse_Theory_Notes.pdf).",surveys/geometry-analysis.md,surveyed seed; family-level review required,none,this anchor only; no descendant MSC credit
